1.516727352261201034e+00
1.518172193508707135e+00
1.519616925192099899e+00
1.521061546143784415e+00
1.522506055195788743e+00
1.523950451179774790e+00
1.525394732927033870e+00
1.526838899268499139e+00
1.528282949034734495e+00
1.529726881055950782e+00
1.531170694161998691e+00
1.532614387182374749e+00
1.534057958946225098e+00
1.535501408282346381e+00
1.536944734019185965e+00
1.538387934984851713e+00
1.539831010007106427e+00
1.541273957913374293e+00
1.542716777530743544e+00
1.544159467685968012e+00
1.545602027205469131e+00
1.547044454915341039e+00
1.548486749641349025e+00
1.549928910208935973e+00
1.551370935443221910e+00
1.552812824169009120e+00
1.554254575210781475e+00
1.555696187392711538e+00
1.557137659538655683e+00
1.558578990472165415e+00
1.560020179016482933e+00
1.561461223994547343e+00
1.562902124228996215e+00
1.564342878542167581e+00
1.565783485756103488e+00
1.567223944692547999e+00
1.568664254172958294e+00
1.570104413018499567e+00
1.571544420050051238e+00
1.572984274088206069e+00
1.574423973953278377e+00
1.575863518465299817e+00
1.577302906444028041e+00
1.578742136708940924e+00
1.580181208079250998e+00
1.581620119373895461e+00
1.583058869411548386e+00
1.584497457010615173e+00
1.585935880989243429e+00
1.587374140165315861e+00
1.588812233356462489e+00
1.590250159380055095e+00
1.591687917053214774e+00
1.593125505192810598e+00
1.594562922615464728e+00
1.596000168137555297e+00
1.597437240575217743e+00
1.598874138744343476e+00
1.600310861460590539e+00
1.601747407539378720e+00
1.603183775795894439e+00
1.604619965045096963e+00
1.606055974101710859e+00
1.607491801780241314e+00
1.608927446894966584e+00
1.610362908259944881e+00
1.611798184689014812e+00
1.613233274995800270e+00
1.614668177993708653e+00
1.616102892495939969e+00
1.617537417315481507e+00
1.618971751265117165e+00
1.620405893157422561e+00
1.621839841804775251e+00
1.623273596019351617e+00
1.624707154613131310e+00
1.626140516397897695e+00
1.627573680185246285e+00
1.629006644786577418e+00
1.630439409013107355e+00
1.631871971675866284e+00
1.633304331585700320e+00
1.634736487553278383e+00
1.636168438389086877e+00
1.637600182903440560e+00
1.639031719906479889e+00
1.640463048208172792e+00
1.641894166618321549e+00
1.643325073946557913e+00
1.644755769002354429e+00
1.646186250595019773e+00
1.647616517533704306e+00
1.649046568627401843e+00
1.650476402684949662e+00
1.651906018515035601e+00
1.653335414926195845e+00
1.654764590726822027e+00
1.656193544725158118e+00
1.657622275729305095e+00
1.659050782547227154e+00
1.660479063986746606e+00
1.661907118855551202e+00
1.663334945961198352e+00
1.664762544111108244e+00
1.666189912112579607e+00
1.667617048772779720e+00
1.669043952898753513e+00
1.670470623297425572e+00
1.671897058775597911e+00
1.673323258139959302e+00
1.674749220197080390e+00
1.676174943753422575e+00
1.677600427615333567e+00
1.679025670589057384e+00
1.680450671480728575e+00
1.681875429096382435e+00
1.683299942241948788e+00
1.684724209723265309e+00
1.686148230346066201e+00
1.687572002915995961e+00
1.688995526238607603e+00
1.690418799119363102e+00
1.691841820363638726e+00
1.693264588776723922e+00
1.694687103163827757e+00
1.696109362330077586e+00
1.697531365080525934e+00
1.698953110220144502e+00
1.700374596553835715e+00
1.701795822886430720e+00
1.703216788022688943e+00
1.704637490767304975e+00
1.706057929924911454e+00
1.707478104300079291e+00
1.708898012697327218e+00
1.710317653921146430e+00
1.711737026776067649e+00
1.713156130066902261e+00
1.714574962599494157e+00
1.715993523183097169e+00
1.717411810637574199e+00
1.718829823814595592e+00
1.720247561658011959e+00
1.721665023370239522e+00
1.723082208855796438e+00
1.724499119864314478e+00
1.725915762836895517e+00
1.727332155751212461e+00
1.728748344008746551e+00
1.730164435995074967e+00
1.731580679772076525e+00
1.732997622283256822e+00
1.734416427076993505e+00
1.735839482967648228e+00
1.737271521245327133e+00
1.738721575932017593e+00
1.740206261675594890e+00
1.741754976307944069e+00
1.743417693921597289e+00
1.745275889632615707e+00
1.747456680296400000e+00
1.750149321714278283e+00
1.753621684274412340e+00
1.758232326245713129e+00
1.764431693872153817e+00
1.772744586464007899e+00
1.783726460875266762e+00
1.797889614491003041e+00
1.815602533014669229e+00
1.836976341442437155e+00
1.861764250336272575e+00
1.889309191889224193e+00
1.918576404263500512e+00
1.948297011477898355e+00
1.977223995391063083e+00
2.004466677048175605e+00
2.029832920754459202e+00
2.054082812206313946e+00
2.078996559617627415e+00
2.107190302722595110e+00
2.141673641865949218e+00
2.185217602358315858e+00
2.239668618098211716e+00
2.305379236772358897e+00
2.380914048036016251e+00
2.463129204431677710e+00
2.547631540671396522e+00
2.629525664700885557e+00
2.704283246231185878e+00
2.768538693416542351e+00
2.820635725194997168e+00
2.860811422222471201e+00
2.890989477070120550e+00
2.914240832901595191e+00
2.934039058140963885e+00
2.953477315215021548e+00
2.974617995154487993e+00
2.998115144966436940e+00
3.023189046170589034e+00
3.047952392635866925e+00
3.070004417174106770e+00
3.087142433329835622e+00
3.098008118042797854e+00
3.102500144114238356e+00
3.101845052586539087e+00
3.098310127475502718e+00
3.094640191216733616e+00
3.093375972196031665e+00
3.096242264727580018e+00
3.103770439550875615e+00
3.115249678451172066e+00
3.129006441172993647e+00
3.142920778018362338e+00
3.155027375475191409e+00
3.164034446155072899e+00
3.169625982835759359e+00
3.172479904330024691e+00
3.174014753471696260e+00
3.175947701524853173e+00
3.179788812532963416e+00
3.186402863876070857e+00
3.195743381949689876e+00
3.206815056761678662e+00
3.217864963270374634e+00
3.226753307384271796e+00
3.231419559035013211e+00
3.230343677776059241e+00
3.222904937951898141e+00
3.209561100905801379e+00
3.191805794538280061e+00
3.171907571001181925e+00
3.152482727424414932e+00
3.135994811097212231e+00
3.124294915884885171e+00
3.118309722414021046e+00
3.117947703923847236e+00
3.122236746609413860e+00
3.129645224108571266e+00
3.138492197337961365e+00
3.147335026353018872e+00
3.155238421208710342e+00
3.161870766660702881e+00
3.167426415963266351e+00
3.172419584817665950e+00
3.177423562930622669e+00
3.182832979533944062e+00
3.188709603754493749e+00
3.194741969806873083e+00
3.200316183498279177e+00
3.204668320613385468e+00
3.207073173703661073e+00
3.207021183682771337e+00
3.204343479417461449e+00
3.199260382450564322e+00
3.192347203652744270e+00
3.184428713482080120e+00
3.176427319134769167e+00
3.169197890271112872e+00
3.163383544486181975e+00
3.159321597276333993e+00
3.157018146985926865e+00
3.156195119151214978e+00
3.156397697131755997e+00
3.157136310014206249e+00
3.158029175264502886e+00
3.158911239630841195e+00
3.159883664693217575e+00
3.161292787774609536e+00
3.163644847664615956e+00
3.167478103718138982e+00
3.173223490877602249e+00
3.181086693543667021e+00
3.190978675436172640e+00
3.202510144414604021e+00
3.215050942847681004e+00
3.227840950529765607e+00
3.240127619229247191e+00
3.251299157669356177e+00
3.260983299370123323e+00
3.269089811882537333e+00
3.275788874843857279e+00
3.281433689455957481e+00
3.286449570977642676e+00
3.291219066904291335e+00
3.295991109663919172e+00
3.300832691564865140e+00
3.305627758554556372e+00
3.310115094607004149e+00
3.313949318985532688e+00
3.316768565011008807e+00
3.318257501859502856e+00
3.318201234307165848e+00
3.316529999668271778e+00
3.313354019277714002e+00
3.308983038454502257e+00
3.303919580389830468e+00
3.298813442845518473e+00
3.294370816354822651e+00
3.291224565060288487e+00
3.289788760213228525e+00
3.290133962838667880e+00
3.291923488517464413e+00
3.294441248935637834e+00
3.296719721037435935e+00
3.297747901403313531e+00
3.296712614424946786e+00
3.293211317079029143e+00
3.287376734851226168e+00
3.279874211159475195e+00
3.271766536859999519e+00
3.264278436187043386e+00
3.258522104369939942e+00
3.255256446397186032e+00
3.254741710110256481e+00
3.256721268738997477e+00
3.260523400766100810e+00
3.265241434577303981e+00
3.269932346614249141e+00
3.273777358268505022e+00
3.276170365883096292e+00
3.276731144552309960e+00
3.275267412097861985e+00
3.271722921564106823e+00
3.266144383937371831e+00
3.258682398863894214e+00
3.249619914824088518e+00
3.239405786480505700e+00
3.228666748009588527e+00
3.218178803411176236e+00
3.208793911189951498e+00
3.201333091412625897e+00
3.196467092758872752e+00
3.194608222685111798e+00
3.195833047369612601e+00
3.199848619730332633e+00
3.206007865700124082e+00
3.213374331209297274e+00
3.220832282968344007e+00
3.227233631786161627e+00
3.231567049265100078e+00
3.233127238696587469e+00
3.231655785506976297e+00
3.227422777736139281e+00
3.221223591775885353e+00
3.214279021123772839e+00
3.208047316438349839e+00
3.203978721108138750e+00
3.203260143590926479e+00
3.206603786316286619e+00
3.214125846506241668e+00
3.225341047622919621e+00
3.239271050515038830e+00
3.254637486939916169e+00
3.270091215201885060e+00
3.284423767355016732e+00
3.296716186491436495e+00
3.306401541236986041e+00
3.313243909741276028e+00
3.317260498768223709e+00
3.318627451772264703e+00
3.317609372269477053e+00
3.314537715037484844e+00
3.309838916471860237e+00
3.304088042950184878e+00
3.298047379918310540e+00
3.292648795158416242e+00
3.288895442860386709e+00
3.287687404545213354e+00
3.289607062074539012e+00
3.294721841455089173e+00
3.302465995552729350e+00
3.311647223578676691e+00
3.320593129937249088e+00
3.327416666009618051e+00
3.330349584150909426e+00
3.328076459883485771e+00
3.320001840057102083e+00
3.306397497967908716e+00
3.288400590439933158e+00
3.267861046835757843e+00
3.247063023602660081e+00
3.228367218283998863e+00
3.213835492863769350e+00
3.204904164922446785e+00
3.202165643429450093e+00
3.205299561050627410e+00
3.213166570186234416e+00
3.224045804575156104e+00
3.235967841132289635e+00
3.247075893198160923e+00
3.255943669498724713e+00
3.261789798932016371e+00
3.264552946066328509e+00
3.264822792513018435e+00
3.263652737262621617e+00
3.262303672138061383e+00
3.261979408843716399e+00
3.263610791175004078e+00
3.267728033517114383e+00
3.274433786004687708e+00
3.283460346596598356e+00
3.294272274731247396e+00
3.306168020775803740e+00
3.318344249384186817e+00
3.329911060229157282e+00
3.339876015292061684e+00
3.347137548457750356e+00
3.350533611707269266e+00
3.348975317838940313e+00
3.341662346066763156e+00
3.328338546812612098e+00
3.309516858485181956e+00
3.286594059234901444e+00
3.261792890647523979e+00
3.237908193411968227e+00
3.217884430300218312e+00
3.204300411978924679e+00
3.198869815963717222e+00
3.202073725573902685e+00
3.213020397780132154e+00
3.229580990508211791e+00
3.248787552681367874e+00
3.267415506470013220e+00
3.282623445584115895e+00
3.292502725480207726e+00
3.296406102859068543e+00
3.294976888123401615e+00
3.289875323802402995e+00
3.283276823506139142e+00
3.277274890037576771e+00
3.273342870531430471e+00
3.271987342225775475e+00
3.272669322123626046e+00
3.273995709364840856e+00
3.274114574175490233e+00
3.271202868539294428e+00
3.263923570785887129e+00
3.251750007392287145e+00
3.235098085372952070e+00
3.215258032862900350e+00
3.194162131194104859e+00
3.174054094082272126e+00
3.157135181182667338e+00
3.145253297724489361e+00
3.139679819334453281e+00
3.140992419619752507e+00
3.149058458825885420e+00
3.163098142077233277e+00
3.181801801195423440e+00
3.203479557850688941e+00
3.226229658720849880e+00
3.248118467541936560e+00
3.267366500899307802e+00
3.282530215051757683e+00
3.292661085584164482e+00
3.297416576816361911e+00
3.297096553524151652e+00
3.292586184170375407e+00
3.285201973527052566e+00
3.276457914460020326e+00
3.267788820369613934e+00
3.260282418703376539e+00
3.254476496244122607e+00
3.250269854902390509e+00
3.246975954027764733e+00
3.243518491781455904e+00
3.238734348480627467e+00
3.231719321964719782e+00
3.222134931109536193e+00
3.210397456649589198e+00
3.197695537125166076e+00
3.185825066895566327e+00
3.176878041248640372e+00
3.172860191842514777e+00
3.175327884318821958e+00
3.185122727344976035e+00
3.202247996699643551e+00
3.225888177602633355e+00
3.254538206469452799e+00
3.286194241469905020e+00
3.318565015880649671e+00
3.349283613667792370e+00
3.376119563971496707e+00
3.397197766192355584e+00
3.411219437583558722e+00
3.417657231349880753e+00
3.416875829062858916e+00
3.410125267537545302e+00
3.399374668950413181e+00
3.386995155190145379e+00
3.375348333778495302e+00
3.366372110866983292e+00
3.361263631779641603e+00
3.360335072687347768e+00
3.363069440970532398e+00
3.368347374808545958e+00
3.374771389189363369e+00
3.380995125434779425e+00
3.385975804780088083e+00
3.389101466366798654e+00
3.390186925327383083e+00
3.389368988998147980e+00
3.386952171689999069e+00
3.383258242647527059e+00
3.378520506612199270e+00
3.372844305811959487e+00
3.366235880081917653e+00
3.358686318275737825e+00
3.350286460656132892e+00
3.341341434884367523e+00
3.332450140426272078e+00
3.324517526285581948e+00
3.318678810985532301e+00
3.316135769422994262e+00
3.317932286736272829e+00
3.324721248859875633e+00
3.336587211571595990e+00
3.352981623040083736e+00
3.372799194312914306e+00
3.394583331076242327e+00
3.416809280027801599e+00
3.438170035563087978e+00
3.457790636396440576e+00
3.475320574892696079e+00
3.490892301370288386e+00
3.504972441021199536e+00
3.518158814504504850e+00
3.530983894706395176e+00
3.543774474023623444e+00
3.556594308366046953e+00
3.569269941638127275e+00
3.581477454017472972e+00
3.592854370659884999e+00
3.603098235605270983e+00
3.612020880211813889e+00
3.619543004341855497e+00
3.625633681514153217e+00
3.630218734478299680e+00
3.633094779577806577e+00
3.633887130935113063e+00
3.632077746045248468e+00
3.627106691729226728e+00
3.618524429564931033e+00
3.606151951891151786e+00
3.590199274323452094e+00
3.571302872370243797e+00
3.550465882008447149e+00
3.528912945360015652e+00
3.507894849213191613e+00
3.488489543290729689e+00
3.471443657875751487e+00
3.457085055793304385e+00
3.445317826487578117e+00
3.435692159861066131e+00
3.427526756714952327e+00
3.420052890650242539e+00
3.412547700660397254e+00
3.404429921687446292e+00
3.395303468966289984e+00
3.384950925704771851e+00
3.373295694918755139e+00
3.360362450162782899e+00
3.346265248022079586e+00
3.331239427359699690e+00
3.315710838779502900e+00
3.300372636245807900e+00
3.286226240124592302e+00
3.274546669096458640e+00
3.266753916423015269e+00
3.264204209887514807e+00
3.267945440458367656e+00
3.278497503801907964e+00
3.295714122396117052e+00
3.318759830916764741e+00
3.346203683516147276e+00
3.376202399494513617e+00
3.406729970070221380e+00
3.435811289320476192e+00
3.461729816127932402e+00
3.483194822099698662e+00
3.499464012449436279e+00
3.510418401996262094e+00
3.516580611399865663e+00
3.519061972930982218e+00
3.519425266680956454e+00
3.519462279524036674e+00
3.520906701801612471e+00
3.525126075391268543e+00
3.532852441150434508e+00
3.544012706091526521e+00
3.557704127105698610e+00
3.572331034927863413e+00
3.585883754312628735e+00
3.596308916825467605e+00
3.601899812526681899e+00
3.601630319086393417e+00
3.595366424682204798e+00
3.583912322254444227e+00
3.568878652905357107e+00
3.552393473650326872e+00
3.536706953916304297e+00
3.523763995157797257e+00
3.514830395204695090e+00
3.510253809908378209e+00
3.509418272331903843e+00
3.510911649124984102e+00
3.512875526299426898e+00
3.513458230550390748e+00
3.511258527618677849e+00
3.505642848118891486e+00
3.496848449516388957e+00
3.485843542063545630e+00
3.473986804532317674e+00
3.462590053399377865e+00
3.452517728694455279e+00
3.443943845237883217e+00
3.436334728794700588e+00
3.428652211348152345e+00
3.419702774978916171e+00
3.408517021709635664e+00
3.394643220937653361e+00
3.378275515065173540e+00
3.360195395964487464e+00
3.341562253611991107e+00
3.323626383314420174e+00
3.307447039111486742e+00
3.293681834035096845e+00
3.282483212083464608e+00
3.273506159628540413e+00
3.266008415266581366e+00
3.259013288547535581e+00
3.251503221890208906e+00
3.242614432566541804e+00
3.231805534565655336e+00
3.218975272186996417e+00
3.204508441704914556e+00
3.189237424778681440e+00
3.174320501215689649e+00
3.161055292004940398e+00
3.150661811563780557e+00
3.144079389727313156e+00
3.141821218695375340e+00
3.143918494550116183e+00
3.149965488927881641e+00
3.159252575879737623e+00
3.170952664550077404e+00
3.184313502865701473e+00
3.198807602019411167e+00
3.214203551044144014e+00
3.230544259483919767e+00
3.248043409778293533e+00
3.266934011702179674e+00
3.287315921439187161e+00
3.309048531148112371e+00
3.331720433406536230e+00
3.354703772618761182e+00
3.377274477919899542e+00
3.398759029534834664e+00
3.418660715175979359e+00
3.436726395996400729e+00
3.452936247028695949e+00
3.467426518789167744e+00
3.480379223352450868e+00
3.491923793178719926e+00
3.502089601957294906e+00
3.510826703471905841e+00
3.518083372159434674e+00
3.523904449424066332e+00
3.528504315597436491e+00
3.532277162792067049e+00
3.535732004986286814e+00
3.539370635564593748e+00
3.543550870237503148e+00
3.548384800984040854e+00
3.553709255193493455e+00
3.559138358758808351e+00
3.564177358813890528e+00
3.568355319515259527e+00
3.571330567607262196e+00
3.572937796618913975e+00
3.573172557016940587e+00
3.572135608898149517e+00
3.569974671043654624e+00
3.566858047349751537e+00
3.562994988621698056e+00
3.558690330835127646e+00
3.554398398122594838e+00
3.550734070925686492e+00
3.548411561552200055e+00
3.548109626283839635e+00
3.550294601805732420e+00
3.555056333223246323e+00
3.562016485505924202e+00
3.570351027216879469e+00
3.578934514993418858e+00
3.586575069692199413e+00
3.592279025511394774e+00
3.595473089409529699e+00
3.596122643320644574e+00
3.594713457778017762e+00
3.592101297597960485e+00
3.589268788649889519e+00
3.587052382153158803e+00
3.585909191082580882e+00
3.585783311496340442e+00
3.586107201320354321e+00
3.585941452759329628e+00
3.584222713229570534e+00
3.580061597940822793e+00
3.573016517396448766e+00
3.563270056307871858e+00
3.551653614025457095e+00
3.539501064148412368e+00
3.528356170245964929e+00
3.519600502314254253e+00
3.514096313731089882e+00
3.511942226544834789e+00
3.512414724270688016e+00
3.514120025514980927e+00
3.515321877532796790e+00
3.514359038578487748e+00
3.510038738977228068e+00
3.501899238292029093e+00
3.490274541131916042e+00
3.476154689733909731e+00
3.460895668870276776e+00
3.445873449117730303e+00
3.432184049286444161e+00
3.420465030106897064e+00
3.410865283419376226e+00
3.403138643543817121e+00
3.396801680608084073e+00
3.391288174562231195e+00
3.386051609241196303e+00
3.380601444020923108e+00
3.374492813795156643e+00
3.367308734738001519e+00
3.358672554692298640e+00
3.348309243242919564e+00
3.336146933709362106e+00
3.322426619951583948e+00
3.307776944950482356e+00
3.293215875580844276e+00
3.280059346422895761e+00
3.269742483771906016e+00
3.263584301111879249e+00
3.262545050759010579e+00
3.267031963145318407e+00
3.276801774044911131e+00
3.290988146583398333e+00
3.308253002068801241e+00
3.327029903266604194e+00
3.345803476681959321e+00
3.363358997309145781e+00
3.378944650941512418e+00
3.392314047489251916e+00
3.403651025686565745e+00
3.413411798346000392e+00
3.422140243758493128e+00
3.430313888371987030e+00
3.438260760806594263e+00
3.446157605030482962e+00
3.454089099927390549e+00
3.462127101699356668e+00
3.470385713803056049e+00
3.479022561842669781e+00
3.488182558085541007e+00
3.497907128034742019e+00
3.508048914530858653e+00
3.518233063077073730e+00
3.527891284754893775e+00
3.536369820178968393e+00
3.543086331798237065e+00
3.547692591352346714e+00
3.550195364001865084e+00
3.550998133557538683e+00
3.550847703013447987e+00
3.550695607636285445e+00
3.551507134417376310e+00
3.554064206395603165e+00
3.558808997935630547e+00
3.565763186014220931e+00
3.574537121606183199e+00
3.584420254486385904e+00
3.594525594490417753e+00
3.603951745408541019e+00
3.611927585186058831e+00
3.617914777156761463e+00
3.621657282011193413e+00
3.623179838818176179e+00
3.622745620886137718e+00
3.620786277505166240e+00
3.617816989330229216e+00
3.614347525573032627e+00
3.610799424300846550e+00
3.607439548234044668e+00
3.604340185627044058e+00
3.601373904197906484e+00
3.598246557813775670e+00
3.594564600258753462e+00
3.589924892212967844e+00
3.584008837707597372e+00
3.576660041804163193e+00
3.567926879488759084e+00
3.558058278442799427e+00
3.547451302028195919e+00
3.536560522076084734e+00
3.525789002178957077e+00
3.515386416758196297e+00
3.505379623466322592e+00
3.495554431651004101e+00
3.485495548262564469e+00
3.474677423106095286e+00
3.462585543751674599e+00
3.448839175303947790e+00
3.433285065790141033e+00
3.416037917244825195e+00
3.397456122964935155e+00
3.378057395413437636e+00
3.358394551280897922e+00
3.338922999383672874e+00
3.319895414930102095e+00
3.301314273028360446e+00
3.282959903020814529e+00
3.264493068382038565e+00
3.245610998466990083e+00
3.226219407708604603e+00
3.206575130170970844e+00
3.187357643645490235e+00
3.169643089629810895e+00
3.154778090289992232e+00
3.144176510242188805e+00
3.139082895431020592e+00
3.140355384818537043e+00
3.148315545815061345e+00
3.162694496483926976e+00
3.182679639890459100e+00
3.207042290177448685e+00
3.234310675372139343e+00
3.262949251424652086e+00
3.291513373400587916e+00
3.318763469682226575e+00
3.343738245420695421e+00
3.365796132041119826e+00
3.384635327513614289e+00
3.400296573243666742e+00
3.413143915998162914e+00
3.423812991346763202e+00
3.433118286255300244e+00
3.441921251425298589e+00
3.450976618786621319e+00
3.460788299025682413e+00
3.471511801231236483e+00
3.482932945595007546e+00
3.494533423013894247e+00
3.505628435726856118e+00
3.515539345698681650e+00
3.523753541455248328e+00
3.530028906660181320e+00
3.534419333662714102e+00
3.537223152695915473e+00
3.538878426250303466e+00
3.539840192235056637e+00
3.540472650451073733e+00
3.540977512035880181e+00
3.541365241244901263e+00
3.541465205426639340e+00
3.540966554472054106e+00
3.539482115259284800e+00
3.536628197320214273e+00
3.532110303248960470e+00
3.525798401613083222e+00
3.517769905529011698e+00
3.508299805604195409e+00
3.497789293733438498e+00
3.486645003204215332e+00
3.475143160662557573e+00
3.463326110426912852e+00
3.450974615082671004e+00
3.437676580889891476e+00
3.422978328859393571e+00
3.406571268378105533e+00
3.388448619223676683e+00
3.368972213319919362e+00
3.348817796650646716e+00
3.328808891864672326e+00
3.309689081604755501e+00
3.291906042443190294e+00
3.275479426115688319e+00
3.259999374001686157e+00
3.244762001696843701e+00
3.229006187678381767e+00
3.212185704702676059e+00
3.194200763915730601e+00
3.175525121870614420e+00
3.157194100097130640e+00
3.140655848479423806e+00
3.127522398082289268e+00
3.119279775127774101e+00
3.117022878975657996e+00
3.121270844905783992e+00
3.131896281921660474e+00
3.148173857907239803e+00
3.168927639369438776e+00
3.192738476476951970e+00
3.218165804321323265e+00
3.243942336423024653e+00
3.269112177763004112e+00
3.293098291556028734e+00
3.315699653235125055e+00
3.337029075900419084e+00
3.357408983356680476e+00
3.377245341565082271e+00
3.396900961346389636e+00
3.416589127884136268e+00
3.436306430770792453e+00
3.455818447900812274e+00
3.474702713238202900e+00
3.492440957893601983e+00
3.508539817004257877e+00
3.522650224658342211e+00
3.534654375212039845e+00
3.544696959372913625e+00
3.553152616067786429e+00
3.560539455525795205e+00
3.567403182741836432e+00
3.574203027679639710e+00
3.581227671031174786e+00
3.588558532924257083e+00
3.596083604011636847e+00
3.603552373088661387e+00
3.610654733680447759e+00
3.617104842026644729e+00
3.622713304410629664e+00
3.627435434291654381e+00
3.631387859787121641e+00
3.634830065117372833e+00
3.638112181440843251e+00
3.641596197656039813e+00
3.645564394709529754e+00
3.650134471522355817e+00
3.655202997553060218e+00
3.660435453807721728e+00
3.665311871724979298e+00
3.669223809389455138e+00
3.671604692564161443e+00
3.672065452665319807e+00
3.670504044184002890e+00
3.667161995236859706e+00
3.662612542795306680e+00
3.657680166369494668e+00
3.653306533138604539e+00
3.650389225033291218e+00
3.649624543064645898e+00
3.651383472463490154e+00
3.655641857656878102e+00
3.661974756740762782e+00
3.669613953787301153e+00
3.677558952411293269e+00
3.684726047126561710e+00
3.690116358574607069e+00
3.692980680512670144e+00
3.692956247134488557e+00
3.690149518572871212e+00
3.685142600054162276e+00
3.678911440856142079e+00
3.672661577472835059e+00
3.667608322557854628e+00
3.664746344023919189e+00
3.664661326145204789e+00
3.667429335010193192e+00
3.672628235122632923e+00
3.679456076684892718e+00
3.686923170323535892e+00
3.694066659991642965e+00
3.700134093949241532e+00
3.704695515542025586e+00
3.707666665543158491e+00
3.709251091805160883e+00
3.709828771740687703e+00
3.709828476538675535e+00
3.709619430114506677e+00
3.709446968333753425e+00
3.709421001838597132e+00
3.709549842254581620e+00
3.709799560819471598e+00
3.710153425301066843e+00
3.710648245395588241e+00
3.711373754058277186e+00
3.712434636407199395e+00
3.713888367008826741e+00
3.715681374512856294e+00
3.717608204060950161e+00
3.719312568469071767e+00
3.720337283647087379e+00
3.720215734125607465e+00
3.718584902788789837e+00
3.715292499328343379e+00
3.710470056988186105e+00
3.704549987265769673e+00
3.698216063238886075e+00
3.692291365900922440e+00
3.687582597983621202e+00
3.684711773792124667e+00
3.683972564565654917e+00
3.685246596169542421e+00
3.688003925353646739e+00
3.691393357561043143e+00
3.694406419464955071e+00
3.696079617682905827e+00
3.695688991561237646e+00
3.692892584596665806e+00
3.687790218162792399e+00
3.680891735270076293e+00
3.673007877450340075e+00
3.665095092020451695e+00
3.658092095619719153e+00
3.652781196793658314e+00
3.649694511977421119e+00
3.649070080007006833e+00
3.650851234472726414e+00
3.654717763864689051e+00
3.660139096211883381e+00
3.666444565789572785e+00
3.672909103222035565e+00
3.678851035418339244e+00
3.683731840569511196e+00
3.687238994403954528e+00
3.689327986350403155e+00
3.690203255560192019e+00
3.690232033093090891e+00
3.689806822037358103e+00
3.689193985734866565e+00
3.688418290606993555e+00
3.687229002838083414e+00
3.685170736584071793e+00
3.681747531682427521e+00
3.676633408313406459e+00
3.669860475694763480e+00
3.661916420071778422e+00
3.653708569387885241e+00
3.646393942283316481e+00
3.641119051144564800e+00
3.638743768653066812e+00
3.639629330931647644e+00
3.643549891343803360e+00
3.649748040417843953e+00
3.657111643603120577e+00
3.664416858123725085e+00
3.670569766544027335e+00
3.674788144131683865e+00
3.676689442978275046e+00
3.676281042306298819e+00
3.673874336736997925e+00
3.669958996921059313e+00
3.665076108934096411e+00
3.659721058311552699e+00
3.654293059837053992e+00
3.649092414621575298e+00
3.644352486524312429e+00
3.640283853821239202e+00
3.637105280103479998e+00
3.635041289383498686e+00
3.634278731614084545e+00
3.634891818678060105e+00
3.636761320582790447e+00
3.639522542859598531e+00
3.642573430823792258e+00
3.645157759155099875e+00
3.646513258124118639e+00
3.646049417190848629e+00
3.643504465478477616e+00
3.639032531935014525e+00
3.633190862242783314e+00
3.626826901133600956e+00
3.620895187585563502e+00
3.616253501634437040e+00
3.613490266305024790e+00
3.612821588507635795e+00
3.614073431194733121e+00
3.616741682806842828e+00
3.620107776758752838e+00
3.623382426803917422e+00
3.625852271217462786e+00
3.627008606773285848e+00
3.626640088750953783e+00
3.624872244636818230e+00
3.622139484623388750e+00
3.619084396807050297e+00
3.616396014544354554e+00
3.614619785922766226e+00
3.613988999228344046e+00
3.614331302352834285e+00
3.615089328357209197e+00
3.615463112890417552e+00
3.614643223101002167e+00
3.612070819888304030e+00
3.607646683785459718e+00
3.601821845684369805e+00
3.595535399600024107e+00
3.590009938098169151e+00
3.586457379798015044e+00
3.585774412567229952e+00
3.588309608151731389e+00
3.593763514016626193e+00
3.601245911911650666e+00
3.609472467497992998e+00
3.617048111454387094e+00
3.622765517218698328e+00
3.625847582433647798e+00
3.626080950002053438e+00
3.623817102187574246e+00
3.619850105556616793e+00
3.615207608234699332e+00
3.610908278655798220e+00
3.607741834361688937e+00
3.606117836367528362e+00
3.606010009763536139e+00
3.606999197319760153e+00
3.608395800329766256e+00
3.609406580223178729e+00
3.609304136546986896e+00
3.607561105961964998e+00
3.603923605921313555e+00
3.598416101913473053e+00
3.591287914810288751e+00
3.582925154972404158e+00
3.573757363536916642e+00
3.564184300476080924e+00
3.554536783731951477e+00
3.545070478101731037e+00
3.535978616130198926e+00
3.527403793827606826e+00
3.519432686517832920e+00
3.512069498909706766e+00
3.505199324895384549e+00
3.498564531644437814e+00
3.491779726718109877e+00
3.484401175867791522e+00
3.476047031529186260e+00
3.466542248685715144e+00
3.456045552587371894e+00
3.445112800431641809e+00
3.434664417170128381e+00
3.425851000602973428e+00
3.419842186705410736e+00
3.417588826866772678e+00
3.419618730625912040e+00
3.425918125492495747e+00
3.435927442552360933e+00
3.448649056267395707e+00
3.462836188810379134e+00
3.477214670418858677e+00
3.490686598868127710e+00
3.502475960570695879e+00
3.512195737715490207e+00
3.519837065281686606e+00
3.525697629825788049e+00
3.530275306205620467e+00
3.534153624397633919e+00
3.537900041147170160e+00
3.541989312300398041e+00
3.546755617710588115e+00
3.552370701731388802e+00
3.558842169327833815e+00
3.566026068401911608e+00
3.573649944250444133e+00
3.581345117181426563e+00
3.588688432525316774e+00
3.595253103857269927e+00
3.600665435657997460e+00
3.604660245134265750e+00
3.607124630282986910e+00
3.608119351040957490e+00
3.607870590453150950e+00
3.606731703248202692e+00
3.605122558417260592e+00
3.603460239829169964e+00
3.602096711297062548e+00
3.601275850838797865e+00
3.601115454396683901e+00
3.601612358328300179e+00
3.602663754196390844e+00
3.604096658755708393e+00
3.605699783082663146e+00
3.607255431041882954e+00
3.608570947639957005e+00
3.609508286021713364e+00
3.610007222080036104e+00
3.610095085587859742e+00
3.609876333854963093e+00
3.609500153981941573e+00
3.609112344663373495e+00
3.608805600418974802e+00
3.608585943635674642e+00
3.608369770065875226e+00
3.608016083503223115e+00
3.607385430864066045e+00
3.606406064878414419e+00
3.605123748533887174e+00
3.603716499860425415e+00
3.602467837249389238e+00
3.601706923739437460e+00
3.601735443113167179e+00
3.602764475866026217e+00
3.604878868650551293e+00
3.608034327824642506e+00
3.612079207118857216e+00
3.616784577622786934e+00
3.621866339698188497e+00
3.626991660274377693e+00
3.631774804723706396e+00
3.635778196973548315e+00
3.638537544488786857e+00
3.639622546138904902e+00
3.638729077602778528e+00
3.635780901851000557e+00
3.631006709615106853e+00
3.624957989037809192e+00
3.618446845755456387e+00
3.612406878523879872e+00
3.607706464730258578e+00
3.604962657592336139e+00
3.604407855826083917e+00
3.605848193404020741e+00
3.608726169057893340e+00
3.612269196577914787e+00
3.615680890914264811e+00
3.618321151761045407e+00
3.619827494596216777e+00
3.620150674615873587e+00
3.619504924574426408e+00
3.618257886957636060e+00
3.616799970914130746e+00
3.615433820852721247e+00
3.614313049776840980e+00
3.613440424500555803e+00
3.612716097099990975e+00
3.612012397193272051e+00
3.611246741377713398e+00
3.610428673246115494e+00
3.609668286540286264e+00
3.609146986290424408e+00
3.609063258962389664e+00
3.609572604472265134e+00
3.610740737688793889e+00
3.612523338398020645e+00
3.614776323770176436e+00
3.617290909284898159e+00
3.619840566090473111e+00
3.622224424105400242e+00
3.624294317962319045e+00
3.625959514538768858e+00
3.627171821387388917e+00
3.627901202002840275e+00
3.628115458164967944e+00
3.627775503645772837e+00
3.626850705194137436e+00
3.625349133164776472e+00
3.623349045922319434e+00
3.621014229323870737e+00
3.618579172822349754e+00
3.616300185982281423e+00
3.614382340308012864e+00
3.612904485749778516e+00
3.611770251102548457e+00
3.610708516701981452e+00
3.609332546273706033e+00
3.607246984843366810e+00
3.604173292216591218e+00
3.600054208272572609e+00
3.595101215217958668e+00
3.589765554732097019e+00
3.584637906335258695e+00
3.580305675766961571e+00
3.577211196334998178e+00
3.575553595243380123e+00
3.575261801890169622e+00
3.576041949353037097e+00
3.577478320298639325e+00
3.579151759889085849e+00
3.580738081280494978e+00
3.582060774780770451e+00
3.583091586222372449e+00
3.583911101072303040e+00
3.584652286417251421e+00
3.585449878357835019e+00
3.586409371136540791e+00
3.587596681098881302e+00
3.589039729780707955e+00
3.590730485390061233e+00
3.592620715362678574e+00
3.594613319242272453e+00
3.596558311116761608e+00
3.598263983967401547e+00
3.599528390671738798e+00
3.600186604322672679e+00
3.600160184147710662e+00
3.599491562536534239e+00
3.598349768221481337e+00
3.597003478014879185e+00
3.595768541355004455e+00
3.594944992018997532e+00
3.594760140949499139e+00
3.595329805353530528e+00
3.596642050122495604e+00
3.598560992339146392e+00
3.600845091531322151e+00
3.603175252184048105e+00
3.605190955963778698e+00
3.606534533050568037e+00
3.606902511377291454e+00
3.606098839421774116e+00
3.604079864854029314e+00
3.600978363448272379e+00
3.597095954715574528e+00
3.592860171369304911e+00
3.588752254196729830e+00
3.585220971774522258e+00
3.582602972468999614e+00
3.581069305387522661e+00
3.580610882652578209e+00
3.581064940127319574e+00
3.582173371973011555e+00
3.583655604854989907e+00
3.585275808197426528e+00
3.586887308635906546e+00
3.588444849238347167e+00
3.589985244094650252e+00
3.591586026139668153e+00
3.593317352636912876e+00
3.595203337920707565e+00
3.597205122897048302e+00
3.599230594520010929e+00
3.601166817318716795e+00
3.602923393064954904e+00
3.604470457279582707e+00
3.605855517191717929e+00
3.607189277614254230e+00
3.608600792292406823e+00
3.610173860306058469e+00
3.611885642911432548e+00
3.613571261118538214e+00
3.614932591324203415e+00
3.615596410443074671e+00
3.615210314400906899e+00
3.613550268796990483e+00
3.610606916719655946e+00
3.606622040157973608e+00
3.602060996296220452e+00
3.597526700167934521e+00
3.593638740268657816e+00
3.590910978518365493e+00
3.589659169899849900e+00
3.589957939908082540e+00
3.591649060478979916e+00
3.594387324708134379e+00
3.597702277026413764e+00
3.601055988550174725e+00
3.603887067902045604e+00
3.605643929805793402e+00
3.605819728215875486e+00
3.604002615622341477e+00
3.599946985134336419e+00
3.593657053893123177e+00
3.585459572503403525e+00
3.576034401275396846e+00
3.566375092498745403e+00
3.557667338252973099e+00
3.551097266142128728e+00
3.547626385235824742e+00
3.547786578700618421e+00
3.551550043042028815e+00
3.558313435041248418e+00
3.567006573138777448e+00
3.576302542346672553e+00
3.584878523316183063e+00
3.591663792522649779e+00
3.596016894566373079e+00
3.597795631836683050e+00
3.597313854423049850e+00
3.595208404354827358e+00
3.592259440798938108e+00
3.589213040078653272e+00
3.586646648218932754e+00
3.584900113641775743e+00
3.584074294001494021e+00
3.584082006041497515e+00
3.584726528355433040e+00
3.585782003079522884e+00
3.587056120050596597e+00
3.588424971061356938e+00
3.589839341887963275e+00
3.591308431776741195e+00
3.592870140657709044e+00
3.594557189624076443e+00
3.596366765487327921e+00
3.598239385460695328e+00
3.600050910679398974e+00
3.601619993654012752e+00
3.602731209541043533e+00
3.603171328463328660e+00
3.602772865274658454e+00
3.601456089317626841e+00
3.599259304456215780e+00
3.596348379591707722e+00
3.593000433356084766e+00
3.589562537923685515e+00
3.586392851219691646e+00
3.583796942495296900e+00
3.581974618978674307e+00
3.580991205592348514e+00
3.580781740542652969e+00
3.581187790316533448e+00
3.582016622767717262e+00
3.583104330169402552e+00
3.584361382327814649e+00
3.585783195814661983e+00
3.587419515966881356e+00
3.589311693307648987e+00
3.591420933336535892e+00
3.593577464100892627e+00
3.595476460008712571e+00
3.596731662288471298e+00
3.596976625375401415e+00
3.595984083802855835e+00
3.593763803445821470e+00
3.590603005855691254e+00
3.587030382979054632e+00
3.583709087674640692e+00
3.581287220366992319e+00
3.580248029178640046e+00
3.580801687677396927e+00
3.582846699202517193e+00
3.586007015172373968e+00
3.589728659038468273e+00
3.593404339499941536e+00
3.596490506616646599e+00
3.598588615687967174e+00
3.599477285849404851e+00
3.599098760110213124e+00
3.597515919940287965e+00
3.594861455491398239e+00
3.591298036399747318e+00
3.586999705113942394e+00
3.582154165869926743e+00
3.576977200073159224e+00
3.571726756166786032e+00
3.566705818749177581e+00
3.562248404456797690e+00
3.558689324619090932e+00
3.556323263910201149e+00
3.555361026128373680e+00
3.555890739830660952e+00
3.557850570612190122e+00
3.561018177416274799e+00
3.565021061149889370e+00
3.569370409534190269e+00
3.573518031520785954e+00
3.576931116269598476e+00
3.579173763223260529e+00
3.579979617963894967e+00
3.579298892765843121e+00
3.577306944624544016e+00
3.574369930622022462e+00
3.570973456649016331e+00
3.567629200297576020e+00
3.564779300179922839e+00
3.562717622776976345e+00
3.561541699952687878e+00
3.561141550016823754e+00
3.561224413002590072e+00
3.561369361795610811e+00
3.561102973590776433e+00
3.559985732774207268e+00
3.557697375150172814e+00
3.554107673421887714e+00
3.549318292270435382e+00
3.543663281258452535e+00
3.537662097083652757e+00
3.531929551930207634e+00
3.527059187134607310e+00
3.523505975466731055e+00
3.521496754499062298e+00
3.520990375857981469e+00
3.521695713477766887e+00
3.523139130144968600e+00
3.524759830134327920e+00
3.526006506988461631e+00
3.526413177943473531e+00
3.525643436180341261e+00
3.523505218300959196e+00
3.519947081127045685e+00
3.515048734460376245e+00
3.509013587545867452e+00
3.502162808415493434e+00
3.494923504188742758e+00
3.487801638747737520e+00
3.481334120353657635e+00
3.476022270648539081e+00
3.472257171670836140e+00
3.470252803374338502e+00
3.470003498703891687e+00
3.471278038987577474e+00
3.473655157503638069e+00
3.476596388979535934e+00
3.479544019009451983e+00
3.482025808282234181e+00
3.483745274169179229e+00
3.484637461969258165e+00
3.484875841776344352e+00
3.484825945751366838e+00
3.484954039236536349e+00
3.485711506097690204e+00
3.487423908583378918e+00
3.490214480590913659e+00
3.493983680034749018e+00
3.498450850364932752e+00
3.503245418118205556e+00
3.508019424671609876e+00
3.512546129972972775e+00
3.516773861878962570e+00
3.520819160051769980e+00
3.524903661076495442e+00
3.529257962180907704e+00
3.534026149846192233e+00
3.539203021761614831e+00
3.544622985811940907e+00
3.550000201508933806e+00
3.555001166648411370e+00
3.559320626073318117e+00
3.562733190502195058e+00
3.565105508451502647e+00
3.566371975381139148e+00
3.566493233374353089e+00
3.565424261978901832e+00
3.563114320137431346e+00
3.559545931363559568e+00
3.554800510054521911e+00
3.549122269850206735e+00
3.542946840401216768e+00
3.536869667765611513e+00
3.531549466769369428e+00
3.527566626647125059e+00
3.525276246325222296e+00
3.524702467601320333e+00
3.525511572016955864e+00
3.527078455716650129e+00
3.528632231586830148e+00
3.529441712451506064e+00
3.528988861040457170e+00
3.527081953976275219e+00
3.523878516401860672e+00
3.519814617817393465e+00
3.515463290393311624e+00
3.511362957522869088e+00
3.507862431654865887e+00
3.505022015323683959e+00
3.502593822093319709e+00
3.500083861150758313e+00
3.496879055615904175e+00
3.492408311274304289e+00
3.486300303316938631e+00
3.478502300485160070e+00
3.469333191243736181e+00
3.459458003844064766e+00
3.449787977992770927e+00
3.441326480130574517e+00
3.434993379413512571e+00
3.431465909660458724e+00
3.431070701784545207e+00
3.433749714004921572e+00
3.439104706373335762e+00
3.446505235528437350e+00
3.455229345937339769e+00
3.464598950137192102e+00
3.474075723639051816e+00
3.483297252295104229e+00
3.492052957257818502e+00
3.500218719388352273e+00
3.507681789871013311e+00
3.514289216373221780e+00
3.519842938706707614e+00
3.524146212470899542e+00
3.527085435461276841e+00
3.528716065041821004e+00
3.529316819692224438e+00
3.529384745649354116e+00
3.529562430845771814e+00
3.530511341339226838e+00
3.532764107524931863e+00
3.536597099016640211e+00
3.541959963834663494e+00
3.548482709138261360e+00
3.555558860574628444e+00
3.562482372487556503e+00
3.568602490188074849e+00
3.573458067329472687e+00
3.576860712175760071e+00
3.578911310125851397e+00
3.579952010730696355e+00
3.580470738198370917e+00
3.580984145681441522e+00
3.581926333288993014e+00
3.583565480790523505e+00
3.585961344583916244e+00
3.588966481439908929e+00
3.592265736064891080e+00
3.595443322633218752e+00
3.598064635098962682e+00
3.599759655735329744e+00
3.600295325999467444e+00
3.599625045872854923e+00
3.597905119668967089e+00
3.595471586443479417e+00
3.592777260401206263e+00
3.590297567344224117e+00
3.588422974170387025e+00
3.587362468134401183e+00
3.587083669690858567e+00
3.587309085348156845e+00
3.587575287138208946e+00
3.587345388524977530e+00
3.586149665591642943e+00
3.583719380762113715e+00
3.580078260236971399e+00
3.575565459535384960e+00
3.570780923542095309e+00
3.566464007908959566e+00
3.563333303537223884e+00
3.561924983715021309e+00
3.562466436699238681e+00
3.564812416502250336e+00
3.568455974910764272e+00
3.572610556028646744e+00
3.576346592775672129e+00
3.578757601592022830e+00
3.579127104468772469e+00
3.577067785841570480e+00
3.572607490534994490e+00
3.566203269550188626e+00
3.558675412334437294e+00
3.551068184365314462e+00
3.544460717846598552e+00
3.539765865158989389e+00
3.537561536056370137e+00
3.537994145743804442e+00
3.540776917027830262e+00
3.545281039702581349e+00
3.550692712948936958e+00
3.556192236358304726e+00
3.561108342927671533e+00
3.565012658414992153e+00
3.567740907896634006e+00
3.569351086807369899e+00
3.570045795478720585e+00
3.570090878745301399e+00
3.569755049656353041e+00
3.569279875518292844e+00
3.568873709290985019e+00
3.568713743070663025e+00
3.568940833790981149e+00
3.569640826622870744e+00
3.570818498356163051e+00
3.572379242180534042e+00
3.574134270960236837e+00
3.575836642988394765e+00
3.577241617384345318e+00
3.578172349383506479e+00
3.578567009515434272e+00
3.578488908783848288e+00
3.578095112767904595e+00
3.577575324340920293e+00
3.577084343961817403e+00
3.576693238600028302e+00
3.576376012085674905e+00
3.576034148217607900e+00
3.575547364206236534e+00
3.574830960067236330e+00
3.573880629481681392e+00
3.572792805352129619e+00
3.571758159069822636e+00
3.571033245118504951e+00
3.570898154089373833e+00
3.571607100743504848e+00
3.573336897207747498e+00
3.576138041741490081e+00
3.579895618904657351e+00
3.584310749238546645e+00
3.588914704922581134e+00
3.593124084900636728e+00
3.596335878462372904e+00
3.598048131447470155e+00
3.597979914220435393e+00
3.596158509398170278e+00
3.592945590550013168e+00
3.588987739717928616e+00
3.585096454277564071e+00
3.582082859939712094e+00
3.580586301069379473e+00
3.580939226371154582e+00
3.583102058411369306e+00
3.586683485313056252e+00
3.591039196842568781e+00
3.595422036329333881e+00
3.599144530548180398e+00
3.601713912464726608e+00
3.602909771114493953e+00
3.602791855192751580e+00
3.601644834539784235e+00
3.599882295641388730e+00
3.597939802939988052e+00
3.596185147841620466e+00
3.594864539033486128e+00
3.594090219637546824e+00
3.593862296090036601e+00
3.594109109242666911e+00
3.594728149285216556e+00
3.595613134895915497e+00
3.596660621437195449e+00
3.597758668076766586e+00
3.598767861902114618e+00
3.599509039417122747e+00
3.599770964437109644e+00
3.599344907426869078e+00
3.598082950202693198e+00
3.595965819561722121e+00
3.593157949146366104e+00
3.590025858595420782e+00
3.587102740209274110e+00
3.584996495811206163e+00
3.584256532006502738e+00
3.585230590375302118e+00
3.587950940239641451e+00
3.592085750641457853e+00
3.596976427203986137e+00
3.601759075328758719e+00
3.605544632581122677e+00
3.607614720521527207e+00
3.607584254784454547e+00
3.605489271015634767e+00
3.601777298229676294e+00
3.597202706709174969e+00
3.592653842909208972e+00
3.588955775529622638e+00
3.586697559809387759e+00
3.586124878441707242e+00
3.587120210373053286e+00
3.589268755240924591e+00
3.591986038433529593e+00
3.594668664100783673e+00
3.596826844764485553e+00
3.598166354128747191e+00
3.598605141523673723e+00
3.598230309400108684e+00
3.597218179025358786e+00
3.595748775315275036e+00
3.593944077128337078e+00
3.591848025986141835e+00
3.589449728067990453e+00
3.586735272212323800e+00
3.583743587068111136e+00
3.580601130189471792e+00
3.577519007307598642e+00
3.574751055116577092e+00
3.572526934475865446e+00
3.570984578655505892e+00
3.570127545317301365e+00
3.569824447480864027e+00
3.569852784967353365e+00
3.569973644789647071e+00
3.570012650394304377e+00
3.569920107150608590e+00
3.569790173781005382e+00
3.569832432102834296e+00
3.570304608031169114e+00
3.571427266246485654e+00
3.573306376093223768e+00
3.575886607851983534e+00
3.578948605477038747e+00
3.582150682080074144e+00
3.585103335490293919e+00
3.587456906710372539e+00
3.588980304414896683e+00
3.589611986515524489e+00
3.589471952388478382e+00
3.588833220881189945e+00
3.588060838948102571e+00
3.587533818225171700e+00
3.587568971959470332e+00
3.588364568598171989e+00
3.589976097705780855e+00
3.592327427349585545e+00
3.595250475438213744e+00
3.598538175897515679e+00
3.601991843041754127e+00
3.605446727977675181e+00
3.608768298233234972e+00
3.611823936949637215e+00
3.614446049886874679e+00
3.616408439326229018e+00
3.617435247938527887e+00
3.617250756218628460e+00
3.615662160428108507e+00
3.612651906140273539e+00
3.608447323204277524e+00
3.603537316115928757e+00
3.598619070511894336e+00
3.594478385572027701e+00
3.591828686468260923e+00
3.591148828031068607e+00
3.592563307108859849e+00
3.595799078158561812e+00
3.600233573521312014e+00
3.605024580257243372e+00
3.609291195949228204e+00
3.612302005062717924e+00
3.613625127315698737e+00
3.613204928486700940e+00
3.611349060259176014e+00
3.608632183559726592e+00
3.605743483194961740e+00
3.603318633300950591e+00
3.601799659475155124e+00
3.601357270827130197e+00
3.601891933516940814e+00
3.603107253024029344e+00
3.604628724767832804e+00
3.606128854783706483e+00
3.607419887571493344e+00
3.608487881234656580e+00
3.609462525841498515e+00
3.610538946708447217e+00
3.611883312016341385e+00
3.613558062018940475e+00
3.615493771323207373e+00
3.617516395238570048e+00
3.619417667280300233e+00
3.621040373859927275e+00
3.622344931321639372e+00
3.623430940627341279e+00
3.624504381134214359e+00
3.625801464111442218e+00
3.627496375581310772e+00
3.629626306495891797e+00
3.632061183343590738e+00
3.634529735400255035e+00
3.636693818758907515e+00
3.638246361088376180e+00
3.639000620722996349e+00
3.638942022028819334e+00
3.638226943731037721e+00
3.637130582950119706e+00
3.635962174608984299e+00
3.634975131353872957e+00
3.634299487402329110e+00
3.633915151813670530e+00
3.633670505870365108e+00
3.633336789592600091e+00
3.632679052719812951e+00
3.631521803054936992e+00
3.629791855442123349e+00
3.627529925388813581e+00
3.624872641928737149e+00
3.622014473673117685e+00
3.619162531130780902e+00
3.616496165449562650e+00
3.614139159540231461e+00
3.612147254270787311e+00
3.610509634327207173e+00
3.609160712565976592e+00
3.607997943344136260e+00
3.606901708623722502e+00
3.605753854992824081e+00
3.604452020711963911e+00
3.602917782801656088e+00
3.601098252297229241e+00
3.598962974700570694e+00
3.596500078771869280e+00
3.593716353400058683e+00
3.590644360666039425e+00
3.587355830018625014e+00
3.583975738754088258e+00
3.580687926989697623e+00
3.577723067164509274e+00
3.575324389930038649e+00
3.573694886361520329e+00
3.572938941763138310e+00
3.573017657915948941e+00
3.573737125047981245e+00
3.574781271101792779e+00
3.575787219738172595e+00
3.576445622069546193e+00
3.576596852136856963e+00
3.576291222000057335e+00
3.575789659316496838e+00
3.575498821460807886e+00
3.575855928636466619e+00
3.577196300406589646e+00
3.579644078079058822e+00
3.583060700374423924e+00
3.587067970938109251e+00
3.591138995375819931e+00
3.594729052662948732e+00
3.597406882486961166e+00
3.598948556811518262e+00
3.599369805344298179e+00
3.598892950252380096e+00
3.597864189763221532e+00
3.596649575398214171e+00
3.595540559110264933e+00
3.594693189423098012e+00
3.594112554022392381e+00
3.593680557310939605e+00
3.593214409458714620e+00
3.592537272054820097e+00
3.591541557592497824e+00
3.590228592608478930e+00
3.588714657832257959e+00
3.587201785471367366e+00
3.585920885865120145e+00
3.585062962708442047e+00
3.584718972231310197e+00
3.584848075084805963e+00
3.585286751808384853e+00
3.585798919272315644e+00
3.586153513828294948e+00
3.586205850887297597e+00
3.585956470879576585e+00
3.585567532288097325e+00
3.585330080664158814e+00
3.585590975207983533e+00
3.586660402641957734e+00
3.588725763083578713e+00
3.591794300676502072e+00
3.595677321216589117e+00
3.600017206471793241e+00
3.604348671610372534e+00
3.608180137818768340e+00
3.611079803307601477e+00
3.612752466848385247e+00
3.613095540368838510e+00
3.612225016207684991e+00
3.610464794858346593e+00
3.608296910854208672e+00
3.606276692150424790e+00
3.604925273216027293e+00
3.604619991854216998e+00
3.605507835257592664e+00
3.607465399099806902e+00
3.610119726505368387e+00
3.612929504915364465e+00
3.615309475801427030e+00
3.616767800371480490e+00
3.617021090593321109e+00
3.616057002715243662e+00
3.614128494626170696e+00
3.611682800319126585e+00
3.609245971160766953e+00
3.607294990368577814e+00
3.606150822230308250e+00
3.605917495402300776e+00
3.606477731815313614e+00
3.607539750381488997e+00
3.608717564817648604e+00
3.609621412060905143e+00
3.609936369340853268e+00
3.609473953817818881e+00
3.608190576974905639e+00
3.606175261548125732e+00
3.603615109218299750e+00
3.600749932264160957e+00
3.597827449309895176e+00
3.595068148562739818e+00
3.592645099050320479e+00
3.590679437965921483e+00
3.589247902583304839e+00
3.588395663129971158e+00
3.588146812119009432e+00
3.588506642038849836e+00
3.589453901627682519e+00
3.590926242370998001e+00
3.592806175603458829e+00
3.594916321282753291e+00
3.597030687162536378e+00
3.598903639742323080e+00
3.600311825578192515e+00
3.601098917971716773e+00
3.601210779905541948e+00
3.600710439569990040e+00
3.599767663931010109e+00
3.598625072941715963e+00
3.597549240834822193e+00
3.596778980278100946e+00
3.596482980453504119e+00
3.596735523408776114e+00
3.597513586885533243e+00
3.598713139132290184e+00
3.600178413668485788e+00
3.601736193919146345e+00
3.603227551451072319e+00
3.604531412855948691e+00
3.605576982886633530e+00
3.606344790696156544e+00
3.606858537781957086e+00
3.607171692446189848e+00
3.607353551307678430e+00
3.607478945225823352e+00
3.607623822577397998e+00
3.607866024111101133e+00
3.608287673234362281e+00
3.608974041822448520e+00
3.610004535941259363e+00
3.611434720354608885e+00
3.613273038069006127e+00
3.615460137338624147e+00
3.617860396138362855e+00
3.620273047914834397e+00
3.622464504693133858e+00
3.624215905228877599e+00
3.625373431389320444e+00
3.625886238032067777e+00
3.625819350076351810e+00
3.625336073918324686e+00
3.624654005991133854e+00
3.623987291353942819e+00
3.623492358987284945e+00
3.623233310156537712e+00
3.623176812849019601e+00
3.623216921173752159e+00
3.623220859074312905e+00
3.623080533724539087e+00
3.622753296485218044e+00
3.622279460410275931e+00
3.621771831037266853e+00
3.621381395893877198e+00
3.621250492246922636e+00
3.621468065683119519e+00
3.622040235697100652e+00
3.622884047810837504e+00
3.623844993113570112e+00
3.624732083574689234e+00
3.625360060872606205e+00
3.625587675965438628e+00
3.625343562290455512e+00
3.624635650315858992e+00
3.623544580991907793e+00
3.622204794504086944e+00
3.620778374839421332e+00
3.619426654964234658e+00
3.618283814438489898e+00
3.617435899703610680e+00
3.616908043949298879e+00
3.616661858083714431e+00
3.616603596729184744e+00
3.616601709324463787e+00
3.616510268822007212e+00
3.616193405900997693e+00
3.615546003950576015e+00
3.614507614037755001e+00
3.613069086245163319e+00
3.611273535176951821e+00
3.609213879253994950e+00
3.607028039740158842e+00
3.604890718913642100e+00
3.602998954803392717e+00
3.601548766719427697e+00
3.600702716408426429e+00
3.600552445681173275e+00
3.601084532525007376e+00
3.602160347316344602e+00
3.603519557646544413e+00
3.604812278206259268e+00
3.605657673014729170e+00
3.605719136856660789e+00
3.604780331797567516e+00
3.602804188729372470e+00
3.599959345141990230e+00
3.596604986276103144e+00
3.593234186746681935e+00
3.590385411712812669e+00
3.588539499048711612e+00
3.588023338517244643e+00
3.588940651467066978e+00
3.591144957366837698e+00
3.594261235690792144e+00
3.597752868882143851e+00
3.601021266784014241e+00
3.603518910767030903e+00
3.604853614154201580e+00
3.604863088623167844e+00
3.603644289449478677e+00
3.601530716742891158e+00
3.599021479514951771e+00
3.596676489937238319e+00
3.595000255577329273e+00
3.594340078751754319e+00
3.594821579604004835e+00
3.596335417645719179e+00
3.598575912969161905e+00
3.601118615158217295e+00
3.603513984441280904e+00
3.605371588439751473e+00
3.606414648641092402e+00
3.606496529157264153e+00
3.605584529264193705e+00
3.603726904385061935e+00
3.601022353576630586e+00
3.597606136532381260e+00
3.593655887406324023e+00
3.589408065175570872e+00
3.585168351057215652e+00
3.581299829765785425e+00
3.578181574621760230e+00
3.576143682689891801e+00
3.575397037515036569e+00
3.575981574260103546e+00
3.577752788811752627e+00
3.580413890724996495e+00
3.583585122133264189e+00
3.586888669278659236e+00
3.590022489674567829e+00
3.592801217339042896e+00
3.595155043879613377e+00
3.597092994602673066e+00
3.598649307290150201e+00
3.599836173346671053e+00
3.600621619258364881e+00
3.600940018323952163e+00
3.600729295747998826e+00
3.599978479032433842e+00
3.598765510135460310e+00
3.597269100720216883e+00
3.595747968344173540e+00
3.594492257225043730e+00
3.593761204431431544e+00
3.593725191146361020e+00
3.594428299944586680e+00
3.595780597029520465e+00
3.597580267652655817e+00
3.599557561636201886e+00
3.601427703384919798e+00
3.602939548319596508e+00
3.603910306237252392e+00
3.604242352379285474e+00
3.603923759905009128e+00
3.603017805140448893e+00
3.601647410330898857e+00
3.599978637104881862e+00
3.598204278437778125e+00
3.596526056736755184e+00
3.595133286898669400e+00
3.594177506410335177e+00
3.593745765400926828e+00
3.593838433709739988e+00
3.594358803202632124e+00
3.595120361937798048e+00
3.595873484554364730e+00
3.596347730435678347e+00
3.596301002739592079e+00
3.595564412394748555e+00
3.594072770592767085e+00
3.591874762474243088e+00
3.589122381950463403e+00
3.586044024452898604e+00
3.582908157321775811e+00
3.579984375398213459e+00
3.577506869458825456e+00
3.575643516946432232e+00
3.574473215114160052e+00
3.573974795190943521e+00
3.574031656434492277e+00
3.574455337746881511e+00
3.575027438054479756e+00
3.575553098004560670e+00
3.575912985136578737e+00
3.576097625853483564e+00
3.576210550315423120e+00
3.576435391926325646e+00
3.576974323141786982e+00
3.577976452026071730e+00
3.579480265722207566e+00
3.581391028264420573e+00
3.583502723551218239e+00
3.585558567248749107e+00
3.587330105100387190e+00
3.588687868821752058e+00
3.589639258276592582e+00
3.590320801362676395e+00
3.590947920168781504e+00
3.591739916093482865e+00
3.592845891644166567e+00
3.594296173661775118e+00
3.595994310129485783e+00
3.597750562363395410e+00
3.599344032228103174e+00
3.600591690158017055e+00
3.601401205867550637e+00
3.601790649742238948e+00
3.601869504659609422e+00
3.601788233223190527e+00
3.601673865530180763e+00
3.601573604057759503e+00
3.601425951025233552e+00
3.601070150462645003e+00
3.600292515401478433e+00
3.598896313134877012e+00
3.596774079136587421e+00
3.593960007640656595e+00
3.590645782847129652e+00
3.587153980651898166e+00
3.583875521996298552e+00
3.581187769657018016e+00
3.579374826430526291e+00
3.578570294355012393e+00
3.578736021590037897e+00
3.579680481512994117e+00
3.581110278619090259e+00
3.582700473690325182e+00
3.584165715250899442e+00
3.585315168322836588e+00
3.586079420163995390e+00
3.586505430745933420e+00
3.586724060423806204e+00
3.586901467951149058e+00
3.587188895727269511e+00
3.587684246626577256e+00
3.588413970206748349e+00
3.589336900994591240e+00
3.590365205790964520e+00
3.591393570954563685e+00
3.592327179270377258e+00
3.593101491579597351e+00
3.593690893652531138e+00
3.594107103671765113e+00
3.594390543524020654e+00
3.594598282895089536e+00
3.594791199571964579e+00
3.595021654516528109e+00
3.595322139577184384e+00
3.595695391828430232e+00
3.596107165177146126e+00
3.596483614633872339e+00
3.596715455588141985e+00
3.596670342678501608e+00
3.596213296158662143e+00
3.595232869828439259e+00
3.593668692695521472e+00
3.591534639123735051e+00
3.588931665476825295e+00
3.586045527062084570e+00
3.583127092679391446e+00
3.580456439055744511e+00
3.578295702763249153e+00
3.576838976852831031e+00
3.576169496305593221e+00
3.576234235596639888e+00
3.576843492093370713e+00
3.577698279764457201e+00
3.578442301200907671e+00
3.578729328560080525e+00
3.578292603939012828e+00
3.577001634225583704e+00
3.574893985988123468e+00
3.572174874418715174e+00
3.569184148630673459e+00
3.566337000459423034e+00
3.564049858557705175e+00
3.562665568804412874e+00
3.562391894600413611e+00
3.563264888000044373e+00
3.565144292883466459e+00
3.567742406719433212e+00
3.570681422442095965e+00
3.573568163861222668e+00
3.576070647451152329e+00
3.577979504021610246e+00
3.579239995419388087e+00
3.579947114867022773e+00
3.580305606675229679e+00
3.580566059690890590e+00
3.580954574428767856e+00
3.581614732242942800e+00
3.582576261467755874e+00
3.583756393482250058e+00
3.584990303414376633e+00
3.586079371165583396e+00
3.586842501461798616e+00
3.587156985184734914e+00
3.586980284973256161e+00
3.586350567250776500e+00
3.585369553499153206e+00
3.584174794773329786e+00
3.582909329227699224e+00
3.581695370765594522e+00
3.580616224091595523e+00
3.579708055163686620e+00
3.578961136880241423e+00
3.578328951523315204e+00
3.577742937991447825e+00
3.577130463860528131e+00
3.576433556305102623e+00
3.575625925105356373e+00
3.574725835594325662e+00
3.573802485501958781e+00
3.572973810239355785e+00
3.572394253011450971e+00
3.572232193868380978e+00
3.572638576212433303e+00
3.573710712391537925e+00
3.575457829735038118e+00
3.577776789497374654e+00
3.580446551735130267e+00
3.583147569930964060e+00
3.585507256597464831e+00
3.587165815209054198e+00
3.587849867131682302e+00
3.587436682874562077e+00
3.585991458052710357e+00
3.583764889996536862e+00
3.581147632977863982e+00
3.578589723515686494e+00
3.576503402168173196e+00
3.575173541159941681e+00
3.574698922620563657e+00
3.574979760344303870e+00
3.575754243881140937e+00
3.576673297419201258e+00
3.577392400612942502e+00
3.577655403515854537e+00
3.577348839885222898e+00
3.576514888328245600e+00
3.575323526903998239e+00
3.574015576098273250e+00
3.572834961532027620e+00
3.571969156097123399e+00
3.571511966473515098e+00
3.571454815428257934e+00
3.571704296054988959e+00
3.572117502248966403e+00
3.572543813539503788e+00
3.572862443190984560e+00
3.573008116554552416e+00
3.572981248647463026e+00
3.572842615842214187e+00
3.572695030820799200e+00
3.572655889399445339e+00
3.572825114096227495e+00
3.573253529052423882e+00
3.573917320548420040e+00
3.574704687928308644e+00
3.575420322004249751e+00
3.575811121308887230e+00
3.575612196908393603e+00
3.574606296647393933e+00
3.572683938148536686e+00
3.569888069222757920e+00
3.566428043960114813e+00
3.562653940848221623e+00
3.558992658917089269e+00
3.555858844159707655e+00
3.553562597898388020e+00
3.552238689879856359e+00
3.551817168313329720e+00
3.552044024170604164e+00
3.552546461864735772e+00
3.552924927379562003e+00
3.552847252617041374e+00
3.552120932287913924e+00
3.550726920528983754e+00
3.548809608594424070e+00
3.546629147246342040e+00
3.544490805531263611e+00
3.542669812418024922e+00
3.541348969691501924e+00
3.540581422850181070e+00
3.540284145640449687e+00
3.540260744462536024e+00
3.540246509823489873e+00
3.539965049206160508e+00
3.539184610652943874e+00
3.537763210121922519e+00
3.535674465793624766e+00
3.533009977846185645e+00
3.529958442271256214e+00
3.526765752733605819e+00
3.523683564692025705e+00
3.520915801579363791e+00
3.518573169680784929e+00
3.516644802348638077e+00
3.514993605598835558e+00
3.513377766652172607e+00
3.511495557472607665e+00
3.509044878351402552e+00
3.505784373845228341e+00
3.501581130467888769e+00
3.496432288296873026e+00
3.490454576802923370e+00
3.483845350095319038e+00
3.476828117676698859e+00
3.469601171334361744e+00
3.462306869949840493e+00
3.455030937588572826e+00
3.447828244296426092e+00
3.440758937184217992e+00
3.433912135959360512e+00
3.427397649449823724e+00
3.421299473777891453e+00
3.415603870108985696e+00
3.410131950128628020e+00
3.404513819916113349e+00
3.398233388478533623e+00
3.390750601968099520e+00
3.381678056644476182e+00
3.370962754252893046e+00
3.359012219335963056e+00
3.346713631421995405e+00
3.335323605998213647e+00
3.326245593388509114e+00
3.320747884005339490e+00
3.319695074565364834e+00
3.323362643408750650e+00
3.331379649020096867e+00
3.342807785438283386e+00
3.356329007628556127e+00
3.370489988920081004e+00
3.383945408978881186e+00
3.395652122021666663e+00
3.404986012609091173e+00
3.411774593562281854e+00
3.416254898489853975e+00
3.418975613566710869e+00
3.420665844117835697e+00
3.422093122251779196e+00
3.423932246065253704e+00
3.426664463397103066e+00
3.430522107548098720e+00
3.435485891194728136e+00
3.441331140389697563e+00
3.447707924303993643e+00
3.454232169606554770e+00
3.460563689606726889e+00
3.466453478244181152e+00
3.471754427332280457e+00
3.476402372838485633e+00
3.480383255140566678e+00
3.483704082994141693e+00
3.486380155698824090e+00
3.488441298370329235e+00
3.489949935610065612e+00
3.491017670644088078e+00
3.491806921573542777e+00
3.492509971675795466e+00
3.493307263833110632e+00
3.494316438638659150e+00
3.495549941618688816e+00
3.496899452183582113e+00
3.498159111265764398e+00
3.499087862065815457e+00
3.499497461961149192e+00
3.499341382913197851e+00
3.498775273043221112e+00
3.498164536327615703e+00
3.498028485227715034e+00
3.498929639209896525e+00
3.501334914990684499e+00
3.505486277750487378e+00
3.511317724060075030e+00
3.518443057187585765e+00
3.526218802113314066e+00
3.533865522099844281e+00
3.540615636493156249e+00
3.545851103944621663e+00
3.549200633372261215e+00
3.550580217035335551e+00
3.550177259652396167e+00
3.548391852726118678e+00
3.545755196649151397e+00
3.542844175559464404e+00
3.540204828281265925e+00
3.538289734439711509e+00
3.537408869515331400e+00
3.537692392005911568e+00
3.539066826373983954e+00
3.541250740676651354e+00
3.543778815676219107e+00
3.546061305899313787e+00
3.547478489188375939e+00
3.547498613229652875e+00
3.545796985741165752e+00
3.542347707687756309e+00
3.537461337680213536e+00
3.531752068955057666e+00
3.526034378760712240e+00
3.521167003060728273e+00
3.517876383622243086e+00
3.516598454001127472e+00
3.517375043674662471e+00
3.519830026943606249e+00
3.523233319013487463e+00
3.526641699231304994e+00
3.529088241745298227e+00
3.529780502547147591e+00
3.528264322898258420e+00
3.524516529859451630e+00
3.518945318269638189e+00
3.512298677437291072e+00
3.505503718160763338e+00
3.499476968735093063e+00
3.494952304651784747e+00
3.492366691555080838e+00
3.491826019059971919e+00
3.493149555630640002e+00
3.495969633293832590e+00
3.499850090498652477e+00
3.504386541885479378e+00
3.509262938820787436e+00
3.514257303868483895e+00
3.519208072422276512e+00
3.523964815442595988e+00
3.528349624935950501e+00
3.532148175535432255e+00
3.535135772304510482e+00
3.537128781772172825e+00
3.538041027554585494e+00
3.537921758264387595e+00
3.536957734940568976e+00
3.535434874610783318e+00
3.533670227331020985e+00
3.531937169160149548e+00
3.530410632104506785e+00
3.529152762351954742e+00
3.528144337487102433e+00
3.527349015403849819e+00
3.526783291564947298e+00
3.526561078105034497e+00
3.526890417204914030e+00
3.528018196224755432e+00
3.530139802644440827e+00
3.533305994270619976e+00
3.537362554022323469e+00
3.541948053720118672e+00
3.546555192891041042e+00
3.550639345755327803e+00
3.553742289626202755e+00
3.555594994392806907e+00
3.556171525791180343e+00
3.555682653694017148e+00
3.554516073235947093e+00
3.553143763502769392e+00
3.552022029823561855e+00
3.551506083542501635e+00
3.551791834564721473e+00
3.552887733453750307e+00
3.554613175277626436e+00
3.556618887442771104e+00
3.558427530748688561e+00
3.559495889327276341e+00
3.559299659875610367e+00
3.557435995136865703e+00
3.553728892741854217e+00
3.548312646220364019e+00
3.541664621345271158e+00
3.534564907662945732e+00
3.527977360817314167e+00
3.522869816283414224e+00
3.520012863431591033e+00
3.519808052662921405e+00
3.522192390004319051e+00
3.526646663810827143e+00
3.532306540739873491e+00
3.538146981951436842e+00
3.543191694746328668e+00
3.546695662052298914e+00
3.548260329428720716e+00
3.547862730106972506e+00
3.545803914256062228e+00
3.542601072429031106e+00
3.538857052138133064e+00
3.535139730089580823e+00
3.531894415375262497e+00
3.529399438787105936e+00
3.527762730901996768e+00
3.526948651676648616e+00
3.526820876498309332e+00
3.527188250682447901e+00
3.527844478354645652e+00
3.528597200607179296e+00
3.529285705594555900e+00
3.529788366992891557e+00
3.530021148154911526e+00
3.529928148502374352e+00
3.529465419109427238e+00
3.528580858805280940e+00
3.527195653741704628e+00
3.525195139952360002e+00
3.522437316427324383e+00
3.518784056382151082e+00
3.514153203052759800e+00
3.508580838553498449e+00
3.502275239398436213e+00
3.495640969629230543e+00
3.489255711638818980e+00
3.483793884322966328e+00
3.479907041721532313e+00
3.478086469640949474e+00
3.478542783642447400e+00
3.481136739980912775e+00
3.485384170032196138e+00
3.490538889071680195e+00
3.495736330045597917e+00
3.500164027658492216e+00
3.503217979129068738e+00
3.504608240091696914e+00
3.504391144519688694e+00
3.502924711006071057e+00
3.500762452612778741e+00
3.498514069034356577e+00
3.496706635578163525e+00
3.495676734078237757e+00
3.495514376232781828e+00
3.496066497032916942e+00
3.496994292841026475e+00
3.497867315355633888e+00
3.498269948709272104e+00
3.497894031639513290e+00
3.496595581489113869e+00
3.494403421558852862e+00
3.491481121771104590e+00
3.488057590509334283e+00
3.484351537801532395e+00
3.480516977273675927e+00
3.476629249572635860e+00
3.472715473524662588e+00
3.468815037819525049e+00
3.465041777496129516e+00
3.461616029908809455e+00
3.458844390198278607e+00
3.457045035050406501e+00
3.456439644670774136e+00
3.457049924292722398e+00
3.458640008001106381e+00
3.460733228335143963e+00
3.462706887851791926e+00
3.463940863211606658e+00
3.463975696426106143e+00
3.462631099115153877e+00
3.460048398669973935e+00
3.456645626115756098e+00
3.453002271113273292e+00
3.449711963469107801e+00
3.447248392806733897e+00
3.445881234356444445e+00
3.445659080173317790e+00
3.446453370230950775e+00
3.448039314142112399e+00
3.450182192100560208e+00
3.452701198373355318e+00
3.455495040783745253e+00
3.458528497506284438e+00
3.461791805531805100e+00
3.465251711518128719e+00
3.468813339669722495e+00
3.472306864168089202e+00
3.475504550466971487e+00
3.478164484682765067e+00
3.480089382435277212e+00
3.481183956978799454e+00
3.481493620995512295e+00
3.481211262349459101e+00
3.480646878355256657e+00
3.480165128072979730e+00
3.480105500131011276e+00
3.480705672015718566e+00
3.482048472742444112e+00
3.484046206044971061e+00
3.486464770047257300e+00
3.488977726420947612e+00
3.491231626931805554e+00
3.492901970732750883e+00
3.493725203782642286e+00
3.493504104300721114e+00
3.492096963572571156e+00
3.489409393956368621e+00
3.485406970785075220e+00
3.480156374137602704e+00
3.473885821474061775e+00
3.467039418018416530e+00
3.460292382354968499e+00
3.454500020293603590e+00
3.450572601714696486e+00
3.449294923852506134e+00
3.451133548009596819e+00
3.456086773034386717e+00
3.463626701678835129e+00
3.472760048842775671e+00
3.482201649372127505e+00
3.490622531423421382e+00
3.496913155007907559e+00
3.500398286774005996e+00
3.500953534501877407e+00
3.498999908811017523e+00
3.495383705792681539e+00
3.491175862249204620e+00
3.487441186402958859e+00
3.485030564195152891e+00
3.484439221482739768e+00
3.485755162863108048e+00
3.488699338319365406e+00
3.492738351792732843e+00
3.497236021994417410e+00
3.501604469721923962e+00
3.505419208460290648e+00
3.508474527903497897e+00
3.510772216978816029e+00
3.512454283007673705e+00
3.513704492579522221e+00
3.514650733718447828e+00
3.515298468646789853e+00
3.515515278686562883e+00
3.515070451968709264e+00
3.513716302947278880e+00
3.511284614690924233e+00
3.507766464749352497e+00
3.503348535970224553e+00
3.498392479513872999e+00
3.493361789311380861e+00
3.488717232178720540e+00
3.484811801549663635e+00
3.481816261600398477e+00
3.479696688906865898e+00
3.478249203846394799e+00
3.477179512555039320e+00
3.476201422682300368e+00
3.475123203445619868e+00
3.473895023608036148e+00
3.472603321513195951e+00
3.471415025492489814e+00
3.470490909412232039e+00
3.469897991541241566e+00
3.469552261062940346e+00
3.469214305384000774e+00
3.468543894389491289e+00
3.467200197838576248e+00
3.464958279238324668e+00
3.461805301250911793e+00
3.457984281671819815e+00
3.453968199103341075e+00
3.450368058403250338e+00
3.447798415513489978e+00
3.446736403275871830e+00
3.447411708562916566e+00
3.449755326960922019e+00
3.453417971261467656e+00
3.457850436203995237e+00
3.462423534599177621e+00
3.466557913544694003e+00
3.469834826645247450e+00
3.472066057952533313e+00
3.473311700673747726e+00
3.473845476061946602e+00
3.474076729057676616e+00
3.474445228849539991e+00
3.475309208301354147e+00
3.476848616426350791e+00
3.479004044987340283e+00
3.481466784895357325e+00
3.483726812552387031e+00
3.485173887912997870e+00
3.485234258706062960e+00
3.483514690307524919e+00
3.479920051105244827e+00
3.474713123574347140e+00
3.468496434611516133e+00
3.462113846048194166e+00
3.456490073621915293e+00
3.452443476143206791e+00
3.450516045690573463e+00
3.450861484359250220e+00
3.453218026984532507e+00
3.456971242947928680e+00
3.461289666818326172e+00
3.465299168975647159e+00
3.468254914099376585e+00
3.469673696920746231e+00
3.469402159382501960e+00
3.467613415267519095e+00
3.464740981596892144e+00
3.461370800371488698e+00
3.458117684594038010e+00
3.455511869849059448e+00
3.453915935360887701e+00
3.453484081423570107e+00
3.454166394700110221e+00
3.455751779842067606e+00
3.457935973739957536e+00
3.460396693422170156e+00
3.462857502579992364e+00
3.465125838988041274e+00
3.467098245232595133e+00
3.468735430388703911e+00
3.470018725478873911e+00
3.470905029692022303e+00
3.471297572717628288e+00
3.471044450578657958e+00
3.469967483034484435e+00
3.467913456611915635e+00
3.464811677530002409e+00
3.460718692559282772e+00
3.455834160588997062e+00
3.450480287498713050e+00
3.445048346627780589e+00
3.439926063531493217e+00
3.435425741994539983e+00
3.431732953358586080e+00
3.428889388961413154e+00
3.426813074789408553e+00
3.425347904379501429e+00
3.424325924489663553e+00
3.423622614344297155e+00
3.423188359654520507e+00
3.423047306532197798e+00
3.423265185423265411e+00
3.423897354692094996e+00
3.424934464438956550e+00
3.426264141291590626e+00
3.427662747047280689e+00
3.428822769672805304e+00
3.429411043937658388e+00
3.429143610305638745e+00
3.427857330152374704e+00
3.425558239792840354e+00
3.422432377010577564e+00
3.418814969471017484e+00
3.415125444598900994e+00
3.411785122913105539e+00
3.409138753416485645e+00
3.407399007376632483e+00
3.406625557663897741e+00
3.406740050357643490e+00
3.407568443886329845e+00
3.408895706505648437e+00
3.410516280347223095e+00
3.412267020516685623e+00
3.414036151914338291e+00
3.415749999288098415e+00
3.417346452468410067e+00
3.418748245338868674e+00
3.419848857450176194e+00
3.420519097487477289e+00
3.420634519069059465e+00
3.420115296896097945e+00
3.418964122911692716e+00
3.417286578588865531e+00
3.415283188673262860e+00
3.413211667821364426e+00
3.411328535043438137e+00
3.409827292366365725e+00
3.408792477189789505e+00
3.408183920598717886e+00
3.407854990369256765e+00
3.407596268712483667e+00
3.407186776449556032e+00
3.406432444455184783e+00
3.405177527422695860e+00
3.403287223400234041e+00
3.400614113648901871e+00
3.396971008351834076e+00
3.392133253560543960e+00
3.385882841071758964e+00
3.378087864448714228e+00
3.368791318628322706e+00
3.358271928754445135e+00
3.347043369673291746e+00
3.335777870673779066e+00
3.325169533316348680e+00
3.315780020050544508e+00
3.307922134893164667e+00
3.301627720770120789e+00
3.296716789448201901e+00
3.292945666122400361e+00
3.290179018327755056e+00
3.288517990764371124e+00
3.288330164922569576e+00
3.290161686095550042e+00
3.294554003531639630e+00
3.301821138229628083e+00
3.311856622850195997e+00
3.324029555539594671e+00
3.337202709353567442e+00
3.349873266045877429e+00
3.360408736068645208e+00
3.367332621285112904e+00
3.369606805215725753e+00
3.366858104811042196e+00
3.359502884045689530e+00
3.348736299807995476e+00
3.336373138680153172e+00
3.324555357931244348e+00
3.315373320321282957e+00
3.310474820389619932e+00
3.310748101484953132e+00
3.316154801561821852e+00
3.325755831225840176e+00
3.337925679768289910e+00
3.350702689716972493e+00
3.362189406946675785e+00
3.370908363954891573e+00
3.376036306671661436e+00
3.377477003461616611e+00
3.375776844602431659e+00
3.371925052905245579e+00
3.367101667984314872e+00
3.362437917008905597e+00
3.358837903610317976e+00
3.356885032845729810e+00
3.356830175087862855e+00
3.358638921893415397e+00
3.362066750694530537e+00
3.366733755456039479e+00
3.372181544820533450e+00
3.377908695482674695e+00
3.383392494036951526e+00
3.388110035588376423e+00
3.391570164800028930e+00
3.393360917875005711e+00
3.393208327884280173e+00
3.391035154317145306e+00
3.387004676805764447e+00
3.381535816962894625e+00
3.375280609048144864e+00
3.369061689792679726e+00
3.363774365349784468e+00
3.360263970035684444e+00
3.359194383256309813e+00
3.360927620601978472e+00
3.365436783028727064e+00
3.372273980444457919e+00
3.380609427137118317e+00
3.389346707785987789e+00
3.397303073538706641e+00
3.403425848620358796e+00
3.407001834766288262e+00
3.407811457093068430e+00
3.406186772522266537e+00
3.402952062611396933e+00
3.399253067310816778e+00
3.396308569580745562e+00
3.395138171617673173e+00
3.396327130248232073e+00
3.399881459715194509e+00
3.405206717617393242e+00
3.411217313960251296e+00
3.416555957623065520e+00
3.419880204325224771e+00
3.420158574331193524e+00
3.416914466642200665e+00
3.410363184592680508e+00
3.401405880963231709e+00
3.391472524346455408e+00
3.382239839758700128e+00
3.375282385844006861e+00
3.371736486995325688e+00
3.372059533128145770e+00
3.375947398350516160e+00
3.382433482171087746e+00
3.390144287450295835e+00
3.397643026913861330e+00
3.403768490001790603e+00
3.407879599475304833e+00
3.409946008844326748e+00
3.410471978541159022e+00
3.410289266613787618e+00
3.410289438257006811e+00
3.411176716648159690e+00
3.413307695699410171e+00
3.416650855545021681e+00
3.420859257302300005e+00
3.425417193572195984e+00
3.429805364047497473e+00
3.433632344243732426e+00
3.436699112652008559e+00
3.438989991669101354e+00
3.440607990860180543e+00
3.441687568621909499e+00
3.442319700543040373e+00
3.442514024705316977e+00
3.442205666502823558e+00
3.441296833453313386e+00
3.439711527487902210e+00
3.437439314305118288e+00
3.434551043828373285e+00
3.431182441187272225e+00
3.427495278541138557e+00
3.423635010453870198e+00
3.419704769540267364e+00
3.415768052496086504e+00
3.411879165413712833e+00
3.408126752689008221e+00
3.404667180353731837e+00
3.401725189757811574e+00
3.399549773181079537e+00
3.398330503822162285e+00
3.398097490255434838e+00
3.398639778071806727e+00
3.399477172709902462e+00
3.399907725686841520e+00
3.399130762397470029e+00
3.396420332059643332e+00
3.391304774512433617e+00
3.383701704375072783e+00
3.373967131389932206e+00
3.362840520308297165e+00
3.351297527614608640e+00
3.340349516860381840e+00
3.330844754064707924e+00
3.323324908929949473e+00
3.317972206774088217e+00
3.314653259182731126e+00
3.313035323835064716e+00
3.312730176071008614e+00
3.313417108263916333e+00
3.314910504031935989e+00
3.317162640865842338e+00
3.320218005493488000e+00
3.324150733749372755e+00
3.329016018840720292e+00
3.334831285689332070e+00
3.341582142161429569e+00
3.349232676420575761e+00
3.357717714254928154e+00
3.366907279272548070e+00
3.376554147077733159e+00
3.386253028434748735e+00
3.395444526755537318e+00
3.403484564309958049e+00
3.409774563751224008e+00
3.413919822077815525e+00
3.415865465905587595e+00
3.415959681981308727e+00
3.414913720972998501e+00
3.413660734748198422e+00
3.413148989857396121e+00
3.414127198783066586e+00
3.416982722726892074e+00
3.421676422628803227e+00
3.427787268613220029e+00
3.434646270656164013e+00
3.441514129460549132e+00
3.447748001996504996e+00
3.452911772961569703e+00
3.456806922354137779e+00
3.459428951905795468e+00
3.460877807237729087e+00
3.461262454734087779e+00
3.460636851777193268e+00
3.458989151698416809e+00
3.456284240327891499e+00
3.452539419241536400e+00
3.447901049098907933e+00
3.442689868888967553e+00
3.437393897214715111e+00
3.432605867666365107e+00
3.428920537359943399e+00
3.426819753052381401e+00
3.426576194508380802e+00
3.428200189999199843e+00
3.431441102130616372e+00
3.435840326428547975e+00
3.440821326459466256e+00
3.445795816093731645e+00
3.450264362980341559e+00
3.453892934139890514e+00
3.456552494066270409e+00
3.458315521096096745e+00
3.459410745703382251e+00
3.460145187521266319e+00
3.460809770488785464e+00
3.461589738187193177e+00
3.462501804205324163e+00
3.463375191122683550e+00
3.463883773529453425e+00
3.463623648490503193e+00
3.462218120905238283e+00
3.459423977031896413e+00
3.455211597941923340e+00
3.449797544585671005e+00
3.443620161546566472e+00
3.437263212459985340e+00
3.431345524507212197e+00
3.426402450209987460e+00
3.422785558576306286e+00
3.420600514220210275e+00
3.419692055477951076e+00
3.419673287674325213e+00
3.419988108480315869e+00
3.419992778371553577e+00
3.419045051936264734e+00
3.416593987332057658e+00
3.412266612425065571e+00
3.405946284322913353e+00
3.397832058574396630e+00
3.388462219760103977e+00
3.378683572808315105e+00
3.369555243304428238e+00
3.362191775836179897e+00
3.357570553769654520e+00
3.356344965029778749e+00
3.358709532761565253e+00
3.364352786532969652e+00
3.372510639909457542e+00
3.382105611000565393e+00
3.391935463300469245e+00
3.400866258950027365e+00
3.407991068381755362e+00
3.412732111775765187e+00
3.414882738565494069e+00
3.414598726627391834e+00
3.412352318005439145e+00
3.408858893993667039e+00
3.404980619325471913e+00
3.401609483169961479e+00
3.399536704119257458e+00
3.399324718555665648e+00
3.401206639487185601e+00
3.405040121654903551e+00
3.410334467864840846e+00
3.416352562001174764e+00
3.422268201115655994e+00
3.427342188710423176e+00
3.431073704584895356e+00
3.433289824174594607e+00
3.434153647640186158e+00
3.434094404671473644e+00
3.433683622317306838e+00
3.433493649540537707e+00
3.433975459239897887e+00
3.435382633603050628e+00
3.437752004998126498e+00
3.440934346916832531e+00
3.444656077223558377e+00
3.448588321303816873e+00
3.452403186399755963e+00
3.455806401090345314e+00
3.458546685312847035e+00
3.460411291373085785e+00
3.461221188855685416e+00
3.460837381193733631e+00
3.459182920726842081e+00
3.456275992254296714e+00
3.452261333057979442e+00
3.447423338396633508e+00
3.442166379017689515e+00
3.436956245732361914e+00
3.432229323738204663e+00
3.428289425664425405e+00
3.425221607860189810e+00
3.422853609952027032e+00
3.420786598242656851e+00
3.418498659042436660e+00
3.415501536404227156e+00
3.411510626210214170e+00
3.406577845441037589e+00
3.401141900401998708e+00
3.395971055818028272e+00
3.392004433863372359e+00
3.390129462311734176e+00
3.390954584016510065e+00
3.394639955147078503e+00
3.400832937678386347e+00
3.408725008346471963e+00
3.417212504260714656e+00
3.425116650575012134e+00
3.431406559147333724e+00
3.435374353181794405e+00
3.436730153251706277e+00
3.435608467475164574e+00
3.432498444861030507e+00
3.428123213893079502e+00
3.423297077490522256e+00
3.418786099479687479e+00
3.415191435837260592e+00
3.412868674216381848e+00
3.411891448922823145e+00
3.412062852043797001e+00
3.412972253011917534e+00
3.414087586033676125e+00
3.414865246780841801e+00
3.414854204080987277e+00
3.413770730642182727e+00
3.411526854609737924e+00
3.408208288783689976e+00
3.404012675075148042e+00
3.399171435223393267e+00
3.393883609253427025e+00
3.388285280669195210e+00
3.382464472304907321e+00
3.376513149792530477e+00
3.370591735101315489e+00
3.364973726540676058e+00
3.360042469021789380e+00
3.356228322101951544e+00
3.353897364660812563e+00
3.353224209216568497e+00
3.354093098965932995e+00
3.356067826831051981e+00
3.358452062506538827e+00
3.360433085540104781e+00
3.361273393450549207e+00
3.360496443081298246e+00
3.358011851451199625e+00
3.354142621456130069e+00
3.349546675414512453e+00
3.345056932105946679e+00
3.341487397169186746e+00
3.339459717508071801e+00
3.339293996600261494e+00
3.340984381732354347e+00
3.344253088431502707e+00
3.348655475447399166e+00
3.353699582041306471e+00
3.358947085528793508e+00
3.364075153504624716e+00
3.368894030795159811e+00
3.373327831646550479e+00
3.377372900758174090e+00
3.381049278147804760e+00
3.384358255401710203e+00
3.387255085205057359e+00
3.389642005478680886e+00
3.391383018960556939e+00
3.392337831359982570e+00
3.392407796385930041e+00
3.391582383414954105e+00
3.389972188494237759e+00
3.387815606040610383e+00
3.385451839061611956e+00
3.383262160217332948e+00
3.381591682650162412e+00
3.380671740827311922e+00
3.380564999377382307e+00
3.381150071286295411e+00
3.382150951142916195e+00
3.383202791809563958e+00
3.383934587224481483e+00
3.384045437664485956e+00
3.383355719814030049e+00
3.381825484045995367e+00
3.379544812736238413e+00
3.376709242457168525e+00
3.373594293954790935e+00
3.370536951163212169e+00
3.367922320949317427e+00
3.366165947142559567e+00
3.365680493859188438e+00
3.366820824163188952e+00
3.369811530485269824e+00
3.374671288672260072e+00
3.381154673747872152e+00
3.388731901394272050e+00
3.396620541202625798e+00
3.403872724650049530e+00
3.409509517885467300e+00
3.412683271114397066e+00
3.412840456806215617e+00
3.409852967594106943e+00
3.404086406394247533e+00
3.396381022969679808e+00
3.387935385733400917e+00
3.380103459876237615e+00
3.374138612789351566e+00
3.370936963582216173e+00
3.370840621507972035e+00
3.373553896525094853e+00
3.378202025819919907e+00
3.383527181909244952e+00
3.388179724924942793e+00
3.391034724722367333e+00
3.391453749521660566e+00
3.389423887686926928e+00
3.385537493644668050e+00
3.380818738739651330e+00
3.376444598117753770e+00
3.373436317061058176e+00
3.372404289636715902e+00
3.373412621634715780e+00
3.375994492037912575e+00
3.379306413152702415e+00
3.382371537094961411e+00
3.384340367621882173e+00
3.384697377847126543e+00
3.383362809829949747e+00
3.380672658735221603e+00
3.377255276161659658e+00
3.373849273397817150e+00
3.371117504198362091e+00
3.369504793062005454e+00
3.369167339618163837e+00
3.369977430585826994e+00
3.371586580638771924e+00
3.373519237619845512e+00
3.375269220776173196e+00
3.376379484483274851e+00
3.376497480926881067e+00
3.375408045672444679e+00
3.373050020474204214e+00
3.369521464948724176e+00
3.365073739249134555e+00
3.360090698903215323e+00
3.355048831713533186e+00
3.350458321163434672e+00
3.346792061219540315e+00
3.344416113558786208e+00
3.343537482775552405e+00
3.344181632645317315e+00
3.346203843969618230e+00
3.349328639142155062e+00
3.353204173014099787e+00
3.357456613326200046e+00
3.361733402991767150e+00
3.365731519906163705e+00
3.369213629733468718e+00
3.372018130077423237e+00
3.374067468758724875e+00
3.375374370384502498e+00
3.376040982210531283e+00
3.376244575545518600e+00
3.376206612824097508e+00
3.376148497107873236e+00
3.376244052219435687e+00
3.376582311496542754e+00
3.377152473160887958e+00
3.377856226039815279e+00
3.378543583479872048e+00
3.379060462146859400e+00
3.379292577420771160e+00
3.379192114782124445e+00
3.378780200622651275e+00
3.378126843949036839e+00
3.377317551986822153e+00
3.376419668417216968e+00
3.375460586831762200e+00
3.374425043237022415e+00
3.373271694806823096e+00
3.371962616324191586e+00
3.370495224620874364e+00
3.368925472787840381e+00
3.367373776801152463e+00
3.366010021291733434e+00
3.365019742565383165e+00
3.364558863221992269e+00
3.364708067810181280e+00
3.365439252498198641e+00
3.366604922637725483e+00
3.367956837440851725e+00
3.369193183019954407e+00
3.370025552395644386e+00
3.370250242066140434e+00
3.369805227728948527e+00
3.368796298928918631e+00
3.367483257340507574e+00
3.366227930505767407e+00
3.365416667862092925e+00
3.365377301796113052e+00
3.366311698097906202e+00
3.368259559119155089e+00
3.371099034111821879e+00
3.374578569371302184e+00
3.378366239986709374e+00
3.382100302887272480e+00
3.385428427841999266e+00
3.388031110186394912e+00
3.389633568211876113e+00
3.390016103244963830e+00
3.389032828150045251e+00
3.386642613259305712e+00
3.382946462217647721e+00
3.378216565663444193e+00
3.372898457071732192e+00
3.367571807524404992e+00
3.362867167830312809e+00
3.359351789908136432e+00
3.357411717428811837e+00
3.357163772659278234e+00
3.358426387007685143e+00
3.360762917518750559e+00
3.363589744236437085e+00
3.366321187133125115e+00
3.368511176203647040e+00
3.369951987800018145e+00
3.370703217761331416e+00
3.371045203895959297e+00
3.371373401227382161e+00
3.372066699045851212e+00
3.373368570125564236e+00
3.375314152228549691e+00
3.377721454750261643e+00
3.380245913515321998e+00
3.382480189454124986e+00
3.384070022142586343e+00
3.384814457520413544e+00
3.384724663063454653e+00
3.384027498196621409e+00
3.383114485710462471e+00
3.382450116881277946e+00
3.382462513229615109e+00
3.383442636451684304e+00
3.385475244970223230e+00
3.388416755213855325e+00
3.391924168377882243e+00
3.395527817281568606e+00
3.398731331768179764e+00
3.401116802045616172e+00
3.402432610268542490e+00
3.402645707239352557e+00
3.401948132838092942e+00
3.400717473334557983e+00
3.399440548679385277e+00
3.398616914300879532e+00
3.398662312907084537e+00
3.399831449869536115e+00
3.402174747841937741e+00
3.405536214395854078e+00
3.409590894364914249e+00
3.413912396108715885e+00
3.418055296974790824e+00
3.421634959040242396e+00
3.424388807255958511e+00
3.426208007008330725e+00
3.427135550216437565e+00
3.427334345534277293e+00
3.427035232761385330e+00
3.426478469083833911e+00
3.425862439130682002e+00
3.425310279414115922e+00
3.424859748267215398e+00
3.424475502189647358e+00
3.424077554637430243e+00
3.423576389511040485e+00
3.422904668259537431e+00
3.422037645282971496e+00
3.420998515024360476e+00
3.419849670869425040e+00
3.418674809594919317e+00
3.417558763454371817e+00
3.416571319196662682e+00
3.415758394912264517e+00
3.415139940877287561e+00
3.414710467873900868e+00
3.414436774465964941e+00
3.414249114138604213e+00
3.414026392155887990e+00
3.413581422522288022e+00
3.412656396393299651e+00
3.410939164341687757e+00
3.408106470261125676e+00
3.403891537118983290e+00
3.398163045535332216e+00
3.390994483550815897e+00
3.382700817662954496e+00
3.373825363795537324e+00
3.365072619397691867e+00
3.357198733946109126e+00
3.350884694923295548e+00
3.346623157044189334e+00
3.344645751294680558e+00
3.344905058752526195e+00
3.347108939066646194e+00
3.350790718122107936e+00
3.355391896277674313e+00
3.360336370286879148e+00
3.365084636650019334e+00
3.369168202088296926e+00
3.372213023872857818e+00
3.373962625048743558e+00
3.374306302676925107e+00
3.373308611181330186e+00
3.371227934075201382e+00
3.368508943226720564e+00
3.365738195369114560e+00
3.363562836005526080e+00
3.362585349260813761e+00
3.363257306040429828e+00
3.365797871536643449e+00
3.370156906419855769e+00
3.376029726622865379e+00
3.382915627964259819e+00
3.390200742131433298e+00
3.397241964361483735e+00
3.403433742098292303e+00
3.408250887051327283e+00
3.411272994918205015e+00
3.412203755898641777e+00
3.410897713167861056e+00
3.407398020590908683e+00
3.401975592749443500e+00
3.395149175750491022e+00
3.387663252947114234e+00
3.380409067127821743e+00
3.374291463754050202e+00
3.370064701705889565e+00
3.368176016986393240e+00
3.368660070070907953e+00
3.371117888968564902e+00
3.374792904229622970e+00
3.378730567544313779e+00
3.381984959192759099e+00
3.383822723721796155e+00
3.383875311768717697e+00
3.382204282466891865e+00
3.379267008911942316e+00
3.375795006083029293e+00
3.372617570388684705e+00
3.370474464077726218e+00
3.369860859798293085e+00
3.370936745570046078e+00
3.373515181560079235e+00
3.377124313755826890e+00
3.381121908972786638e+00
3.384831967101575412e+00
3.387672040162481579e+00
3.389246290617498047e+00
3.389390399874917303e+00
3.388166827734427677e+00
3.385819554015458088e+00
3.382704236139759235e+00
3.379211897878203530e+00
3.375702193012501517e+00
3.372457151880905446e+00
3.369659728545802757e+00
3.367395094548549572e+00
3.365667908679439879e+00
3.364426675166938718e+00
3.363587032598778670e+00
3.363048851836658137e+00
3.362706139225316804e+00
3.362452377160135342e+00
3.362185702242417751e+00
3.361817542999249842e+00
3.361285359481000601e+00
3.360566254855826163e+00
3.359685274874647298e+00
3.358711771353198206e+00
3.357739969433563676e+00
3.356855244178716280e+00
3.356093799109950204e+00
3.355408079788368081e+00
3.354651266073646720e+00
3.353590596125604506e+00
3.351951691807013578e+00
3.349486581050306278e+00
3.346049711447685926e+00
3.341661769988432784e+00
3.336542316346959414e+00
3.331099106684457745e+00
3.325872727762526182e+00
3.321446720961303445e+00
3.318342434546929898e+00
3.316921890809521933e+00
3.317320051179395435e+00
3.319420816835309651e+00
3.322881054613146201e+00
3.327196554454919131e+00
3.331795467319792259e+00
3.336139957582087590e+00
3.339816073209011638e+00
3.342594942642790556e+00
3.344454583288570593e+00
3.345559737313438475e+00
3.346205809525565122e+00
3.346740474459934056e+00
3.347481104602663127e+00
3.348646522912961832e+00
3.350317344663776176e+00
3.352431319928141473e+00
3.354810814752365644e+00
3.357211648757616018e+00
3.359378312006914502e+00
3.361091186949944021e+00
3.362196165112901092e+00
3.362613913490827056e+00
3.362332400733743842e+00
3.361390041384768601e+00
3.359857162511417084e+00
3.357821115908785625e+00
3.355376904095009660e+00
3.352622410928297381e+00
3.349656250398876711e+00
3.346576786443119733e+00
3.343482068389008965e+00
3.340471095276755786e+00
3.337646310682909956e+00
3.335115788471076481e+00
3.332992199547007317e+00
3.331385493144076282e+00
3.330387859735582268e+00
3.330052569820409758e+00
3.330371467044749512e+00
3.331257766206584314e+00
3.332540416077408807e+00
3.333973686312485807e+00
3.335261839947010643e+00
3.336095194928117902e+00
3.336191696701951592e+00
3.335337646919699583e+00
3.333421956246887419e+00
3.330459326697911226e+00
3.326598499736079795e+00
3.322112220519328751e+00
3.317366636243726852e+00
3.312770400073165256e+00
3.308708154800339862e+00
3.305468584117360997e+00
3.303182010812808045e+00
3.301784284818523929e+00
3.301020669851956857e+00
3.300495318503199993e+00
3.299760353006577773e+00
3.298426765631529367e+00
3.296271120569836732e+00
3.293310427653423300e+00
3.289823721474042895e+00
3.286311560561871570e+00
3.283400497127365814e+00
3.281714105634828016e+00
3.281741227706270969e+00
3.283733073771332389e+00
3.287653424572638095e+00
3.293192484424510624e+00
3.299838774501449468e+00
3.306989245854849546e+00
3.314069302004832629e+00
3.320633707556479575e+00
3.326426250681802976e+00
3.331388253706694780e+00
3.335619949610777457e+00
3.339310455558549773e+00
3.342658532449394482e+00
3.345806167580577473e+00
3.348800882713730775e+00
3.351592847740438863e+00
3.354062540267698900e+00
3.356066862418200181e+00
3.357488283275498642e+00
3.358273114301263185e+00
3.358450278465905381e+00
3.358128708657914796e+00
3.357477441692434894e+00
3.356695872302267514e+00
3.355982008087036839e+00
3.355504637023007053e+00
3.355382515706312851e+00
3.355671418793029659e+00
3.356358906857949354e+00
3.357366811715433386e+00
3.358561872484575161e+00
3.359774739681644640e+00
3.360826225263413569e+00
3.361557503382475609e+00
3.361858881536047061e+00
3.361690853445241878e+00
3.361092118427165154e+00
3.360172064899398237e+00
3.359089059523099330e+00
3.358019496859053543e+00
3.357124726541064863e+00
3.356522977037227573e+00
3.356271316678549610e+00
3.356359389107028246e+00
3.356713455520946798e+00
3.357207444297805488e+00
3.357677912397284192e+00
3.357941734459142680e+00
3.357817656120351657e+00
3.357153821153521900e+00
3.355861668477335247e+00
3.353952146206842677e+00
3.351564644308313579e+00
3.348975309883904572e+00
3.346572432446152323e+00
3.344793818839480792e+00
3.344033318394761256e+00
3.344536998130199557e+00
3.346318535367735603e+00
3.349123524666315355e+00
3.352461798728059605e+00
3.355707805701454216e+00
3.358247442161010898e+00
3.359632987135009241e+00
3.359702194682488319e+00
3.358625800471588541e+00
3.356867534898520411e+00
3.355065990133201392e+00
3.353870276116862836e+00
3.353774226571516248e+00
3.354993280992305760e+00
3.357414855754982774e+00
3.360631748824384424e+00
3.364045700440028153e+00
3.367011149195909159e+00
3.368981645430747740e+00
3.369624177240035490e+00
3.368877657498764666e+00
3.366947011528333977e+00
3.364239404629577823e+00
3.361260832707957391e+00
3.358497798843182558e+00
3.356309810789459558e+00
3.354854634945390490e+00
3.354060779275086723e+00
3.353651900045769185e+00
3.353217268641323745e+00
3.352312866651745438e+00
3.350570999217509005e+00
3.347794171982815037e+00
3.344012200514785427e+00
3.339489679701469704e+00
3.334682245776721121e+00
3.330151771259253657e+00
3.326459818492695231e+00
3.324063091859275509e+00
3.323233319289647714e+00
3.324017493620260666e+00
3.326244493298587290e+00
3.329573285186904652e+00
3.333568805065961094e+00
3.337786360780085726e+00
3.341845208990009919e+00
3.345476742734698750e+00
3.348541048976255929e+00
3.351014909244998563e+00
3.352961666713625721e+00
3.354496388846492927e+00
3.355757564097747725e+00
3.356890340141220008e+00
3.358038883966191879e+00
3.359340239120476301e+00
3.360911568896770785e+00
3.362827273064986411e+00
3.365090078751150848e+00
3.367607143969901795e+00
3.370184804533493228e+00
3.372551912131549479e+00
3.374412563410860599e+00
3.375517740721556859e+00
3.375736477347689224e+00
3.375104406573098181e+00
3.373832439505626279e+00
3.372269434070231497e+00
3.370826366529481533e+00
3.369881167867334604e+00
3.369689347595074214e+00
3.370324136108905133e+00
3.371661844675116093e+00
3.373416057482200969e+00
3.375211604840371304e+00
3.376679321772554587e+00
3.377547714078830587e+00
3.377708814759677214e+00
3.377242270264231294e+00
3.376392344091371900e+00
3.375504452644161102e+00
3.374938061624535468e+00
3.374978586141404335e+00
3.375770721165774368e+00
3.377289370678097757e+00
3.379353796644498864e+00
3.381678848818248539e+00
3.383947618324836260e+00
3.385885281921307666e+00
3.387315322779851812e+00
3.388185840931447590e+00
3.388562891484883099e+00
3.388596712591175564e+00
3.388472800538427698e+00
3.388361767503675459e+00
3.388379948608945647e+00
3.388568113104506008e+00
3.388890165418072087e+00
3.389248991598670990e+00
3.389513581889574301e+00
3.389550468890311752e+00
3.389253020446252318e+00
3.388563603798093293e+00
3.387485492702077661e+00
3.386083211487374456e+00
3.384471624020562786e+00
3.382795485056370843e+00
3.381202446513706050e+00
3.379813664976205612e+00
3.378697054867031202e+00
3.377848574457299247e+00
3.377186335386970661e+00
3.376560498719978209e+00
3.375778876513394255e+00
3.374644375466111512e+00
3.372996833293219421e+00
3.370749576787738899e+00
3.367911172545925425e+00
3.364585740991052010e+00
3.360950369906763324e+00
3.357214252817096067e+00
3.353569384543188203e+00
3.350145319826883572e+00
3.346979749261056902e+00
3.344012671417514238e+00
3.341105948628367184e+00
3.338083771694314805e+00
3.334784675390853437e+00
3.331113282077979409e+00
3.327080147976471114e+00
3.322820551478132156e+00
3.318587107315908558e+00
3.314716021257309020e+00
3.311571990234631890e+00
3.309481515695877896e+00
3.308667843624911065e+00
3.309201833414455507e+00
3.310980936737564218e+00
3.313742969261810334e+00
3.317113381064858313e+00
3.320676226689876831e+00
3.324052495229588455e+00
3.326967063678783365e+00
3.329288296465278130e+00
3.331031603874112346e+00
3.332327953283772626e+00
3.333367451581178198e+00
3.334333940927911577e+00
3.335347475127606653e+00
3.336427638865267387e+00
3.337483588247882604e+00
3.338329013039080806e+00
3.338714498560172217e+00
3.338367586737966075e+00
3.337032289195403401e+00
3.334503530230257695e+00
3.330655808215984504e+00
3.325467203236467828e+00
3.319038712322823770e+00
3.311605302797819395e+00
3.303531029703013377e+00
3.295278783065805683e+00
3.287348041934783360e+00
3.280182206451324856e+00
3.274059161139959873e+00
3.268990906773997729e+00
3.264665239486536752e+00
3.260459808341446664e+00
3.255544226487684156e+00
3.249061264957404660e+00
3.240350189247577450e+00
3.229153821014207004e+00
3.215745559236798279e+00
3.200928705747859482e+00
3.185895795180444079e+00
3.171979887810980614e+00
3.160367410195227933e+00
3.151858170399695958e+00
3.146744671749581723e+00
3.144842976856467853e+00
3.145655105498260884e+00
3.148597925403050724e+00
3.153213061878233248e+00
3.159284246250896544e+00
3.166827533594231081e+00
3.175970020731574195e+00
3.186774240774677747e+00
3.199082800228751466e+00
3.212445952475403654e+00
3.226160286814491407e+00
3.239404296823069185e+00
3.251422583063471983e+00
3.261696274445191168e+00
3.270045783399643913e+00
3.276637687393702869e+00
3.281899676031643232e+00
3.286374904927094498e+00
3.290561879099796361e+00
3.294785514348604227e+00
3.299131640029280277e+00
3.303456490193738215e+00
3.307461264047756977e+00
3.310805311459991351e+00
3.313223545938062564e+00
3.314615435577556557e+00
3.315083099426663793e+00
3.314911445000398693e+00
3.314499580157809433e+00
3.314265467578242141e+00
3.314551555930001392e+00
3.315556552519456801e+00
3.317308755389843711e+00
3.319682823123461635e+00
3.322449054486352527e+00
3.325336292929691684e+00
3.328088708706124610e+00
3.330502538416345804e+00
3.332438557174494775e+00
3.333815568940400098e+00
3.334595893739977779e+00
3.334773929674442083e+00
3.334374062906597658e+00
3.333457189930402631e+00
3.332129313156408479e+00
3.330543651247292125e+00
3.328890131270477060e+00
3.327371591206213175e+00
3.326171840928050738e+00
3.325424294168393580e+00
3.325189842272735063e+00
3.325449397779495442e+00
3.326111851741576420e+00
3.327034154933885990e+00
3.328048207982151396e+00
3.328989310560113601e+00
3.329722104358725510e+00
3.330161021212216799e+00
3.330282587665202687e+00
3.330126899077845870e+00
3.329786198129747188e+00
3.329380681140976517e+00
3.329025380775271437e+00
3.328795988718239229e+00
3.328703798803255509e+00
3.328688862126722103e+00
3.328635551622786792e+00
3.328407398651120008e+00
3.327891000462721127e+00
3.327034929209695679e+00
3.325870711671293556e+00
3.324508915994877967e+00
3.323112007820778313e+00
3.321853639499431132e+00
3.320878369955370335e+00
3.320274906496524014e+00
3.320070299043508033e+00
3.320244385424758971e+00
3.320756317291903237e+00
3.321570957470058705e+00
3.322673726234970371e+00
3.324067660358117848e+00
3.325754011267005872e+00
3.327704795577990815e+00
3.329839668233400385e+00
3.332018789834454875e+00
3.334058140120038427e+00
3.335765742510756304e+00
3.336989280852016293e+00
3.337660435902116696e+00
3.337820843194756470e+00
3.337619184447604415e+00
3.337277195658941320e+00
3.337031736952226435e+00
3.337067638830394145e+00
3.337459550459088931e+00
3.338139470532028419e+00
3.338900498207953760e+00
3.339438250181464340e+00
3.339421653073830321e+00
3.338576805263397951e+00
3.336763258932310183e+00
3.334022600695922822e+00
3.330584831621719033e+00
3.326827866708432779e+00
3.323197451833410199e+00
3.320105991635838194e+00
3.317835953088381196e+00
3.316474047879267140e+00
3.315895339459456803e+00
3.315803127030148900e+00
3.315814546547528607e+00
3.315568208612471590e+00
3.314823429270299826e+00
3.313523196105772506e+00
3.311804286287210797e+00
3.309954179525495643e+00
3.308330088311905559e+00
3.307265354119844680e+00
3.306989679858058029e+00
3.307582528975171243e+00
3.308966843279709913e+00
3.310937811922540330e+00
3.313213026621184554e+00
3.315488092446861046e+00
3.317485026486649335e+00
3.318986914871584482e+00
3.319858079959918218e+00
3.320052156243588737e+00
3.319610542593424363e+00
3.318651968189622270e+00
3.317352441029478349e+00
3.315915268030750873e+00
3.314533468250567161e+00
3.313350638240792456e+00
3.312429236766161633e+00
3.311735553595092085e+00
3.311147549970405279e+00
3.310485933675817449e+00
3.309562048583336580e+00
3.308230691897915854e+00
3.306433756634929555e+00
3.304222551203251701e+00
3.301752351049450862e+00
3.299250530077042498e+00
3.296967101094145924e+00
3.295121283116003941e+00
3.293858257377504373e+00
3.293226440423162149e+00
3.293178791936682170e+00
3.293594350402392568e+00
3.294310947503458209e+00
3.295158588369612396e+00
3.295985411896196648e+00
3.296672989792902797e+00
3.297142628222037519e+00
3.297357152841196903e+00
3.297322407317924142e+00
3.297089944863514255e+00
3.296758887564394946e+00
3.296472682384682162e+00
3.296406789115299052e+00
3.296746179887347417e+00
3.297655654608985465e+00
3.299249521203321045e+00
3.301568562400281515e+00
3.304570774743427641e+00
3.308138645566963909e+00
3.312101110682422078e+00
3.316264420315603534e+00
3.320444139941948425e+00
3.324490848152524158e+00
3.328304386181609953e+00
3.331834861499518574e+00
3.335071984685978208e+00
3.338026906120852733e+00
3.340712065743071335e+00
3.343124579337305669e+00
3.345237512481663344e+00
3.347001338251685887e+00
3.348355332783705673e+00
3.349246117981656834e+00
3.349648564114859450e+00
3.349583346540969675e+00
3.349125958691226312e+00
3.348403912549756889e+00
3.347581762294220553e+00
3.346836658693357780e+00
3.346329463948503946e+00
3.346177343198556198e+00
3.346433026184719495e+00
3.347074016366782256e+00
3.348002736819713832e+00
3.349056793342325200e+00
3.350027686901301927e+00
3.350686309153614761e+00
3.350813779678148752e+00
3.350235846025176212e+00
3.348857700018728512e+00
3.346693879815235917e+00
3.343885875926612794e+00
3.340699502198837934e+00
3.337496209043913087e+00
3.334677673011558596e+00
3.332610356447678335e+00
3.331544299042102697e+00
3.331545559837508996e+00
3.332462104578303830e+00
3.333937344372297051e+00
3.335474627860578689e+00
3.336542341566893111e+00
3.336696779462534401e+00
3.335692669144859845e+00
3.333552042239006141e+00
3.330571524953454432e+00
3.327263853580511466e+00
3.324247008067864773e+00
3.322108475727821197e+00
3.321278428282972150e+00
3.321942143538698655e+00
3.324010145842356767e+00
3.327148307800158467e+00
3.330854803604622827e+00
3.334560897055894646e+00
3.337730395684902263e+00
3.339937658429980694e+00
3.340913445715664398e+00
3.340557847648434109e+00
3.338926837582031126e+00
3.336202176674057718e+00
3.332653816040928252e+00
3.328601234201683745e+00
3.324377177027614039e+00
3.320295282280546711e+00
3.316622354553005803e+00
3.313556151793931370e+00
3.311209785679322337e+00
3.309603821332161022e+00
3.308666894155210425e+00
3.308245365548753814e+00
3.308122318961579378e+00
3.308045836503437087e+00
3.307765552107708285e+00
3.307074626665820638e+00
3.305851700018417993e+00
3.304094841532808413e+00
3.301938255937579392e+00
3.299643628113669180e+00
3.297562001579871893e+00
3.296068511302232995e+00
3.295479734752446266e+00
3.295969923600305496e+00
3.297505938699929473e+00
3.299819832994328461e+00
3.302432110751801542e+00
3.304728299870117070e+00
3.306078435781356628e+00
3.305976338110396817e+00
3.304166784797309742e+00
3.300727211863411892e+00
3.296078280443040853e+00
3.290913880224394017e+00
3.286062212351629874e+00
3.282309537025767998e+00
3.280230488397882560e+00
3.280068898543113232e+00
3.281699984449292895e+00
3.284682147490063819e+00
3.288381512353429237e+00
3.292132626409456364e+00
3.295390474620815358e+00
3.297834183480038206e+00
3.299399071900306790e+00
3.300235360622355341e+00
3.300612118197326250e+00
3.300798355814323681e+00
3.300956726626540494e+00
3.301079192512998528e+00
3.300980831875685251e+00
3.300351527577507493e+00
3.298849727421480083e+00
3.296211459451840131e+00
3.292343920797969670e+00
3.287377324016888647e+00
3.281660401573186281e+00
3.275701047484480100e+00
3.270069369315343533e+00
3.265290863075110739e+00
3.261758783755533297e+00
3.259686336040310994e+00
3.259104022303917159e+00
3.259891230771263526e+00
3.261820500576263715e+00
3.264592350405755017e+00
3.267848360311602196e+00
3.271165959655817801e+00
3.274052731189878163e+00
3.275963819879383010e+00
3.276359563392704732e+00
3.274803488399560703e+00
3.271080079082568481e+00
3.265296225354753279e+00
3.257927396312322976e+00
3.249781833861762337e+00
3.241879722337055014e+00
3.235270906828519699e+00
3.230834572517496728e+00
3.229110330347323199e+00
3.230200772523173836e+00
3.233764881831955762e+00
3.239097444551742644e+00
3.245269806398596302e+00
3.251297082078956624e+00
3.256297201384420248e+00
3.259615230887841442e+00
3.260897874650666939e+00
3.260114054532064820e+00
3.257525902678505503e+00
3.253620059473106618e+00
3.249012480200287545e+00
3.244341598679107985e+00
3.240164807026797877e+00
3.236871701077135732e+00
3.234624608746548446e+00
3.233333263654609713e+00
3.232666974173663554e+00
3.232104634151942157e+00
3.231019860148204526e+00
3.228794218787158776e+00
3.224945119365861146e+00
3.219247275106730033e+00
3.211820553806362000e+00
3.203156688603862268e+00
3.194066090155455839e+00
3.185544198518483583e+00
3.178580347309313936e+00
3.173953207212102168e+00
3.172066857572880760e+00
3.172874648753699400e+00
3.175914500380114358e+00
3.180446077332949262e+00
3.185648807398317128e+00
3.190821411902101001e+00
3.195525319519604501e+00
3.199635295024640946e+00
3.203292835425654683e+00
3.206789380492841790e+00
3.210426036240655812e+00
3.214398347662918098e+00
3.218739783064224369e+00
3.223333119395333402e+00
3.227974624228509448e+00
3.232460248768064037e+00
3.236660108146691694e+00
3.240556302766508079e+00
3.244234706000311164e+00
3.247837407087226236e+00
3.251493900221695377e+00
3.255253386376310676e+00
3.259038084022809922e+00
3.262630498571492677e+00
3.265698941106093933e+00
3.267857344748717807e+00
3.268748670543781376e+00
3.268136213747502072e+00
3.265984076647885814e+00
3.262507528007966506e+00
3.258176913159229748e+00
3.253666069923103255e+00
3.249747682281458605e+00
3.247151789021078372e+00
3.246416166884077636e+00
3.247764149705528958e+00
3.251043096514204755e+00
3.255744193783387530e+00
3.261104073340019394e+00
3.266266469125436167e+00
3.270464823680366173e+00
3.273180257639032753e+00
3.274236089853017617e+00
3.273808120456783932e+00
3.272353312974682016e+00
3.270480796672754042e+00
3.268801803334262512e+00
3.267796151273160810e+00
3.267723307834744961e+00
3.268590416355607431e+00
3.270173832371641165e+00
3.272079544309093979e+00
3.273823567074815255e+00
3.274915203320632351e+00
3.274931136294078726e+00
3.273573460127110035e+00
3.270707969931522463e+00
3.266380229429384663e+00
3.260807535461750284e+00
3.254346687413938621e+00
3.247441292973161975e+00
3.240557411140110755e+00
3.234120484379918725e+00
3.228467301375548271e+00
3.223822813669078968e+00
3.220303690644991335e+00
3.217941246670748878e+00
3.216709527617169329e+00
3.216543036544496470e+00
3.217333911748224473e+00
3.218908750273416608e+00
3.220996843822267586e+00
3.223209634857690631e+00
3.225051907555748887e+00
3.225977265321324783e+00
3.225485655730133683e+00
3.223243714047280939e+00
3.219195515052431400e+00
3.213627318219060669e+00
3.207157800385200819e+00
3.200643920700818601e+00
3.195016852276511443e+00
3.191084721985565587e+00
3.189351590559219130e+00
3.189900311760606400e+00
3.192370518069651997e+00
3.196036949570908892e+00
3.199966078052211227e+00
3.203209291961550242e+00
3.204984746361637882e+00
3.204808270824547112e+00
3.202552246661569679e+00
3.198432692706718594e+00
3.192941463432303895e+00
3.186747894913230184e+00
3.180592256952023522e+00
3.175185656786847943e+00
3.171122916093331412e+00
3.168810657074847104e+00
3.168413612428012449e+00
3.169825934665641221e+00
3.172677033072895725e+00
3.176379627276775253e+00
3.180220122689417561e+00
3.183480101549934993e+00
3.185566987988974308e+00
3.186126359953691090e+00
3.185110656024159770e+00
3.182788797027635397e+00
3.179695307673471749e+00
3.176531316338659927e+00
3.174039327537509170e+00
3.172876897484862457e+00
3.173511655232296391e+00
3.176153515368463243e+00
3.180731871383151610e+00
3.186917883533172180e+00
3.194185539041182409e+00
3.201900134953773236e+00
3.209419285864461902e+00
3.216189860535600076e+00
3.221825003353280703e+00
3.226148972954339555e+00
3.229203591363891679e+00
3.231217435272537575e+00
3.232545769737749985e+00
3.233593985048077268e+00
3.234739035296969156e+00
3.236262163918850465e+00
3.238302897665417124e+00
3.240840043488708133e+00
3.243701157254703649e+00
3.246598116831017400e+00
3.249183080111605726e+00
3.251116211549197388e+00
3.252134309609136853e+00
3.252108375667328577e+00
3.251078899177466841e+00
3.249260660011088930e+00
3.247014074835772313e+00
3.244786720475605790e+00
3.243035223228849517e+00
3.242142548998674378e+00
3.242347481779527030e+00
3.243701078418232964e+00
3.246059428728552465e+00
3.249114317554812725e+00
3.252455146784597240e+00
3.255648632680902210e+00
3.258318933199991108e+00
3.260210899884746105e+00
3.261223142560929489e+00
3.261404701610705281e+00
3.260917753301268096e+00
3.259976907873929353e+00
3.258781299134035248e+00
3.257457337250716733e+00
3.256027181497029854e+00
3.254411305656191633e+00
3.252464612721026604e+00
3.250036647532580147e+00
3.247039819353659151e+00
3.243506895099216525e+00
3.239621107090609353e+00
3.235708640162918925e+00
3.232192547471977928e+00
3.229517037265380530e+00
3.228059031133148959e+00
3.228047716165937331e+00
3.229511282965198404e+00
3.232263395267443773e+00
3.235931943993918480e+00
3.240022167778367379e+00
3.243998362532071855e+00
3.247365413590677097e+00
3.249733878273521448e+00
3.250859063110119962e+00
3.250652836411543234e+00
3.249173808288488452e+00
3.246604830019029109e+00
3.243225962918784955e+00
3.239387314473734403e+00
3.235481711564307972e+00
3.231914406399375661e+00
3.229067257095793231e+00
3.227257946210824624e+00
3.226699266130254262e+00
3.227467104279540422e+00
3.229486582262310446e+00
3.232543001536774874e+00
3.236318397754572196e+00
3.240447376122902234e+00
3.244579827267465966e+00
3.248435227912223944e+00
3.251834742970497683e+00
3.254703204096300428e+00
3.257041835707815025e+00
3.258881864439680864e+00
3.260235951592536541e+00
3.261066170340638948e+00
3.261282722935772593e+00
3.260777441854030734e+00
3.259483160874335095e+00
3.257438615277351346e+00
3.254833125396835669e+00
3.252008846842119105e+00
3.249410742795721063e+00
3.247492126697775205e+00
3.246600620149812766e+00
3.246879258490178888e+00
3.248215948890888161e+00
3.250261213328513588e+00
3.252513171341750553e+00
3.254447105624640013e+00
3.255652221642820088e+00
3.255935513891322408e+00
3.255362881147388698e+00
3.254227174123340394e+00
3.252955016972966185e+00
3.251981741066584330e+00
3.251631295112327624e+00
3.252033876559254910e+00
3.253100493998080989e+00
3.254555759909481427e+00
3.256013858755278711e+00
3.257072648872207488e+00
3.257399508198167037e+00
3.256789109751083711e+00
3.255184679985703156e+00
3.252666180288873221e+00
3.249417365487649700e+00
3.245686543497546594e+00
3.241753036158503853e+00
3.237904787845760968e+00
3.234425384476313337e+00
3.231583942353776440e+00
3.229620709557187830e+00
3.228724771589551068e+00
3.229006205898304671e+00
3.230470626164906545e+00
3.233006651646715301e+00
3.236394964642616667e+00
3.240341610955753460e+00
3.244530105571904244e+00
3.248679753198567610e+00
3.252594227870349020e+00
3.256186427596711841e+00
3.259472530625617814e+00
3.262537768719015574e+00
3.265485387938924955e+00
3.268385457514816572e+00
3.271239833731514057e+00
3.273973909794007930e+00
3.276456875044052364e+00
3.278543186123033859e+00
3.280121770324823771e+00
3.281157868826286350e+00
3.281715397121689470e+00
3.281953759230047840e+00
3.282099973643746171e+00
3.282402729944089881e+00
3.283078457115530924e+00
3.284260541674717704e+00
3.285962040392644390e+00
3.288060192801907977e+00
3.290307953370262162e+00
3.292373431880478041e+00
3.293902431289434052e+00
3.294592819980075138e+00
3.294263981493445126e+00
3.292902528120500882e+00
3.290669029460832729e+00
3.287860208922377403e+00
3.284834796878097318e+00
3.281924443819091763e+00
3.279358300244828772e+00
3.277227031523324285e+00
3.275498794594264851e+00
3.274080212276894386e+00
3.272897108707599312e+00
3.271960536058052149e+00
3.271388093349579140e+00
3.271367822455326202e+00
3.272075583851433933e+00
3.273577219514964831e+00
3.275755427136992193e+00
3.278294217167157854e+00
3.280733610560828684e+00
3.282581663573426844e+00
3.283449741891583784e+00
3.283167933174041320e+00
3.281843371232735507e+00
3.279842250524057423e+00
3.277699682944569926e+00
3.275982496178185155e+00
3.275142575888452701e+00
3.275399791367254121e+00
3.276684768578743245e+00
3.278656049172855802e+00
3.280787744991367827e+00
3.282506769096768195e+00
3.283346482400697930e+00
3.283078600897416433e+00
3.281788818496291338e+00
3.279873713830394610e+00
3.277955163056094356e+00
3.276729748439920265e+00
3.276789200660923829e+00
3.278458288183580649e+00
3.281694905680171637e+00
3.286082662745068550e+00
3.290922092117165576e+00
3.295399042227704633e+00
3.298785874804749607e+00
3.300619982427348109e+00
3.300808998265385430e+00
3.299632356007440315e+00
3.297639172043946409e+00
3.295473829871448324e+00
3.293683274359670232e+00
3.292566207325959837e+00
3.292111377362319846e+00
3.292043455592992718e+00
3.291959530678397527e+00
3.291508706256984773e+00
3.290552104257467025e+00
3.289246295167599587e+00
3.288018260317693287e+00
3.287436219667128512e+00
3.288015917095377105e+00
3.290024450930117084e+00
3.293346061752084886e+00
3.297455851553493744e+00
3.301514432982312286e+00
3.304559729318356620e+00
3.305743135111698372e+00
3.304544681460102051e+00
3.300908930160225463e+00
3.295267055161271053e+00
3.288443017030138193e+00
3.281472736214095853e+00
3.275385666779121241e+00
3.271003060735740320e+00
3.268796773953398294e+00
3.268831858445025329e+00
3.270793193510434183e+00
3.274078303607758755e+00
3.277929372991899903e+00
3.281577099196054448e+00
3.284373919298694044e+00
3.285899911926112527e+00
3.286028652823292706e+00
3.284942834654755117e+00
3.283093251886786135e+00
3.281102596038182551e+00
3.279627821244679442e+00
3.279208484494489984e+00
3.280137706255720431e+00
3.282391648508889315e+00
3.285640337689698320e+00
3.289339994840493997e+00
3.292881995659585392e+00
3.295755122040697760e+00
3.297672869912430471e+00
3.298628349354574496e+00
3.298862138481713391e+00
3.298755519888669774e+00
3.298683900631754984e+00
3.298876071149313915e+00
3.299321701601188206e+00
3.299754097353779336e+00
3.299713087027732250e+00
3.298670630722885466e+00
3.296185188943172584e+00
3.292043803277722169e+00
3.286354223971051258e+00
3.279561778388162541e+00
3.272383658557642239e+00
3.265672614352252090e+00
3.260238378765173639e+00
3.256665115903102592e+00
3.255164891328913956e+00
3.255500536790435273e+00
3.256997879418840114e+00
3.258649845536139011e+00
3.259296681059338230e+00
3.257850695021658805e+00
3.253523389251272491e+00
3.246009790719430743e+00
3.235590483514190652e+00
3.223126065092711379e+00
3.209939522968381365e+00
3.197605434635248933e+00
3.187685678775400433e+00
3.181464164449956833e+00
3.179734148287029605e+00
3.182680198849401787e+00
3.189875473853069909e+00
3.200389236043331476e+00
3.212976134688086738e+00
3.226303471184767790e+00
3.239168578043392976e+00
3.250665404045751661e+00
3.260274429193648515e+00
3.267868618589080842e+00
3.273645725795931494e+00
3.278010447597154542e+00
3.281436887708522487e+00
3.284342174119537106e+00
3.286996641369093641e+00
3.289486163268926511e+00
3.291729885851036208e+00
3.293544007181659516e+00
3.294731842050063975e+00
3.295174528022799088e+00
3.294897007247453491e+00
3.294090667019147212e+00
3.293085850395117919e+00
3.292281380378446531e+00
3.292050421022275852e+00
3.292648820310005497e+00
3.294151378600540081e+00
3.296433350574801135e+00
3.299201349091728463e+00
3.302063733014874103e+00
3.304619895827821452e+00
3.306543844261573106e+00
3.307641046977312982e+00
3.307867184544257100e+00
3.307309645276261367e+00
3.306143229733869759e+00
3.304577216149268359e+00
3.302810315135036756e+00
3.301004026601698893e+00
3.299276222510481915e+00
3.297708798631527660e+00
3.296358741614797250e+00
3.295262191843651767e+00
3.294425505778441288e+00
3.293804002653385687e+00
3.293275508621496428e+00
3.292619758086754445e+00
3.291514857708375263e+00
3.289558228230728965e+00
3.286312720310811564e+00
3.281370839759111924e+00
3.274423558428222858e+00
3.265317259113242443e+00
3.254084396839341586e+00
3.240940426392119544e+00
3.226249599253293798e+00
3.210471953018019686e+00
3.194109219610451245e+00
3.177665502246535212e+00
3.161629074756930891e+00
3.146467673776921270e+00
3.132617248635373830e+00
3.120440216896271490e+00
3.110138539871948549e+00
3.101629001861665014e+00
3.094416246987953922e+00
3.087521743734816582e+00
3.079531325541850162e+00
3.068802262522127400e+00
3.053824245521133740e+00
3.033669548635145485e+00
3.008416580661958051e+00
2.979409913548165978e+00
2.949242948959880373e+00
2.921416123043903745e+00
2.899716584341461179e+00
2.887455095376817660e+00
2.886751066560147905e+00
2.898055705883481270e+00
2.920043592487377992e+00
2.949902390441635713e+00
2.983941046941633868e+00
3.018353413656211792e+00
3.049941725722963959e+00
3.076629663793617464e+00
3.097665576171281465e+00
3.113507367907184520e+00
3.125462753258079207e+00
3.135209646364065517e+00
3.144331653473731336e+00
3.153976692907826340e+00
3.164696426359872472e+00
3.176468133155328832e+00
3.188854682366399906e+00
3.201232262291312303e+00
3.213012199223174381e+00
3.223798966215436490e+00
3.233453861424929077e+00
3.242064116457949563e+00
3.249842700573457588e+00
3.256999583315750346e+00
3.263628461099332245e+00
3.269644566797137664e+00
3.274792146141616733e+00
3.278719116819674984e+00
3.281096699416867324e+00
3.281748501003684648e+00
3.280750240859830136e+00
3.278469080244679201e+00
3.275528287290885299e+00
3.272703893835743116e+00
3.270778824470466528e+00
3.270391049164389496e+00
3.271912550397361397e+00
3.275385866527913414e+00
3.280528557995234351e+00
3.286798741669745727e+00
3.293501986462978870e+00
3.299914231761497341e+00
3.305396913615655130e+00
3.309486781019501667e+00
3.311950729122124404e+00
3.312802815067809270e+00
3.312285433152426517e+00
3.310819820149002002e+00
3.308933659976819985e+00
3.307176204776816952e+00
3.306033720634188544e+00
3.305859062859299424e+00
3.306827522055101110e+00
3.308926233924732951e+00
3.311977179261849535e+00
3.315686090461271718e+00
3.319703904497775859e+00
3.323685721703926177e+00
3.327335122950874968e+00
3.330428039425912701e+00
3.332817720314274812e+00
3.334427907626280607e+00
3.335243080941793448e+00
3.335302166527166268e+00
3.334696804309871698e+00
3.333569764499094035e+00
3.332106178497175719e+00
3.330511607414817998e+00
3.328976444503750187e+00
3.327633614964176978e+00
3.326522693195348435e+00
3.325575249169271164e+00
3.324631847303521681e+00
3.323491442282024533e+00
3.321982073416513082e+00
3.320032168680913109e+00
3.317718465749146972e+00
3.315271540004167683e+00
3.313032208010400659e+00
3.311367837537199765e+00
3.310571490445640475e+00
3.310773891084108467e+00
3.311895719362531576e+00
3.313656214897345631e+00
3.315637201812961177e+00
3.317384888912504604e+00
3.318520568978985175e+00
3.318829119981894227e+00
3.318301467551691974e+00
3.317121322896952051e+00
3.315602924153853603e+00
3.314100082005149162e+00
3.312913638252536597e+00
3.312222881858273738e+00
3.312057565972455375e+00
3.312314090689920665e+00
3.312806321592646430e+00
3.313332246819770344e+00
3.313734657730063926e+00
3.313937691271251484e+00
3.313949867325362675e+00
3.313835306751998111e+00
3.313664791418052591e+00
3.313464385890611208e+00
3.313179873378063522e+00
3.312670264746099047e+00
3.311734674656518607e+00
3.310166584607458606e+00
3.307820948049132959e+00
3.304675246207658734e+00
3.300866718370495612e+00
3.296694149172885613e+00
3.292581846171286131e+00
3.289012953409064632e+00
3.286446289141374599e+00
3.285233770465263436e+00
3.285554040639202977e+00
3.287373401740182999e+00
3.290439524608452793e+00
3.294308351134408230e+00
3.298400842261871357e+00
3.302083397765986916e+00
3.304762979188152983e+00
3.305984652371231292e+00
3.305515942470121260e+00
3.303400713699225832e+00
3.299967330566780266e+00
3.295782935717872952e+00
3.291557238726984469e+00
3.288012492768124684e+00
3.285747097014672047e+00
3.285124346198812884e+00
3.286212970616258389e+00
3.288793029781616806e+00
3.292423226612089415e+00
3.296549337672276092e+00
3.300623482215592652e+00
3.304203439549492138e+00
3.307009938225208501e+00
3.308934439538381067e+00
3.310005288533532930e+00
3.310331173401330318e+00
3.310044411248185270e+00
3.309262249153437363e+00
3.308074441809593313e+00
3.306553880100766563e+00
3.304778260133260481e+00
3.302847691027867238e+00
3.300886481571211561e+00
3.299025443416340853e+00
3.297370499769854302e+00
3.295970366661864492e+00
3.294797772965843308e+00
3.293754378685570305e+00
3.292700857517665725e+00
3.291503855761872988e+00
3.290084463563104133e+00
3.288451149996869383e+00
3.286704507247102391e+00
3.285010094632111688e+00
3.283546090391342709e+00
3.282440895868354858e+00
3.281719666317980622e+00
3.281276927825136802e+00
3.280885662020168514e+00
3.280243482719074954e+00
3.279046390122815957e+00
3.277072610076729120e+00
3.274255187507250753e+00
3.270723391032164251e+00
3.266799576168040176e+00
3.262948699989852042e+00
3.259689789101226420e+00
3.257489204211623690e+00
3.256661417810831516e+00
3.257302138533328506e+00
3.259270752132162219e+00
3.262226164686422347e+00
3.265705923908168273e+00
3.269227237700818467e+00
3.272383609067812671e+00
3.274913594012265783e+00
3.276727473133651980e+00
3.277890179427472184e+00
3.278570592143186246e+00
3.278974858869667663e+00
3.279283041003569821e+00
3.279604481927635984e+00
3.279959925104181551e+00
3.280290306724087834e+00
3.280485700388636072e+00
3.280424411630495918e+00
3.280011790412590500e+00
3.279210150627902109e+00
3.278054163887693662e+00
3.276649353430840961e+00
3.275154405932585888e+00
3.273750818962436249e+00
3.272605820953756073e+00
3.271836245429337708e+00
3.271481586412575915e+00
3.271493268278242716e+00
3.271744028778604818e+00
3.272056661039139502e+00
3.272246280910647176e+00
3.272166273169762274e+00
3.271746510230252092e+00
3.271014059298694043e+00
3.270091110920515742e+00
3.269170977490857943e+00
3.268478824710844499e+00
3.268227474219692841e+00
3.268579045804922423e+00
3.269620423209151916e+00
3.271355667097572084e+00
3.273713357897152676e+00
3.276563194631480602e+00
3.279735089527782144e+00
3.283035533112188986e+00
3.286259233419305481e+00
3.289197470823721048e+00
3.291646813734184107e+00
3.293421949986879760e+00
3.294374415526645894e+00
3.294415777437678994e+00
3.293540656079441575e+00
3.291843124213271743e+00
3.289520274817089973e+00
3.286859114737262111e+00
3.284206688546091435e+00
3.281927288621337091e+00
3.280353581813815200e+00
3.279739711953186809e+00
3.280223798079155095e+00
3.281805226730174052e+00
3.284339552915553462e+00
3.287551448582421987e+00
3.291064369374420373e+00
3.294444366380012479e+00
3.297254324773168932e+00
3.299113433644940141e+00
3.299754805267210767e+00
3.299072355630300990e+00
3.297147301010560305e+00
3.294245986813230775e+00
3.290784866411914589e+00
3.287264987014478113e+00
3.284185930991234237e+00
3.281955627282717725e+00
3.280815512463308714e+00
3.280798664572035062e+00
3.281731667112615547e+00
3.283280632637895824e+00
3.285030815429741846e+00
3.286580736573020634e+00
3.287628238663094837e+00
3.288028405435440060e+00
3.287811045190338177e+00
3.287156145562161846e+00
3.286336297363229075e+00
3.285642686589523631e+00
3.285314019817878517e+00
3.285485311577653889e+00
3.286166911095850907e+00
3.287255582351376493e+00
3.288571309487903882e+00
3.289907846683342463e+00
3.291083052382515639e+00
3.291976829232949431e+00
3.292549126812347904e+00
3.292836411392393359e+00
3.292930569423648812e+00
3.292948007954627609e+00
3.292998010094592587e+00
3.293158224400132728e+00
3.293462196330242175e+00
3.293900141699541262e+00
3.294430782385388223e+00
3.294999777440283939e+00
3.295559384914426460e+00
3.296084339744590697e+00
3.296580141181406187e+00
3.297081614977552366e+00
3.297641517883528550e+00
3.298311010159204582e+00
3.299115954033095210e+00
3.300034900240058189e+00
3.300985685754745269e+00
3.301827007076229226e+00
3.302378602210364278e+00
3.302458889978210355e+00
3.301933119754865142e+00
3.300760089293131028e+00
3.299023287843381169e+00
3.296934285539459886e+00
3.294802383821607172e+00
3.292973516687939473e+00
3.291750577471027839e+00
3.291313904035467530e+00
3.291662457612755777e+00
3.292592554051615217e+00
3.293722714406639440e+00
3.294562400205633956e+00
3.294611768419263065e+00
3.293471663115205672e+00
3.290939701121063710e+00
3.287070338356679500e+00
3.282183919928851612e+00
3.276820524127452394e+00
3.271646611522903925e+00
3.267333286061186115e+00
3.264431679631240257e+00
3.263271750943046445e+00
3.263905291988682400e+00
3.266103536786179262e+00
3.269407251055817198e+00
3.273215898735020168e+00
3.276895278426275926e+00
3.279881358326843355e+00
3.281761635419865097e+00
3.282322493362850313e+00
3.281559357470804628e+00
3.279653769062421453e+00
3.276926453329897626e+00
3.273777625972957406e+00
3.270625507575160018e+00
3.267851990978966281e+00
3.265761399836260903e+00
3.264554986069893250e+00
3.264320866298728863e+00
3.265037024962160750e+00
3.266584145448335530e+00
3.268765342011664465e+00
3.271330895198229172e+00
3.274007076922852200e+00
3.276528340927696181e+00
3.278671199424185279e+00
3.280286283964439331e+00
3.281323241507454913e+00
3.281842311618834884e+00
3.282007486051482292e+00
3.282059256013377446e+00
3.282269532580999627e+00
3.282886203297276762e+00
3.284078536456477515e+00
3.285896012729923932e+00
3.288251441005428433e+00
3.290934463109764341e+00
3.293654664079301853e+00
3.296106072272267706e+00
3.298038808786257103e+00
3.299320834305301986e+00
3.299974237547763423e+00
3.300176251129310678e+00
3.300223824606553169e+00
3.300469810389474734e+00
3.301246013161229342e+00
3.302791454222294032e+00
3.305202381856990890e+00
3.308414488533725883e+00
3.312219381423588072e+00
3.316309060993454683e+00
3.320336208412179246e+00
3.323975783726003996e+00
3.326974938546910288e+00
3.329182654817748332e+00
3.330556320614415533e+00
3.331148023652390489e+00
3.331077385218393694e+00
3.330499546617704532e+00
3.329576363362767299e+00
3.328456409933968629e+00
3.327265872484656661e+00
3.326108794121708012e+00
3.325072374984685997e+00
3.324231816078128787e+00
3.323649844419183097e+00
3.323368413166287727e+00
3.323393517692464272e+00
3.323677633025787781e+00
3.324106831429912923e+00
3.324500181623207595e+00
3.324627005791866097e+00
3.324243123463183291e+00
3.323141300959270517e+00
3.321205390309947880e+00
3.318454003327788282e+00
3.315059636772197393e+00
3.311333630620474811e+00
3.307675552900741334e+00
3.304495555884839231e+00
3.302127040264073443e+00
3.300751655096328285e+00
3.300357265157060294e+00
3.300741803763795890e+00
3.301563717498724237e+00
3.302426479122043013e+00
3.302974518401028625e+00
3.302974307309145097e+00
3.302358696822512041e+00
3.301223798744094662e+00
3.299782236239789501e+00
3.298289701429987897e+00
3.296969097949342231e+00
3.295955711612065908e+00
3.295278298488779622e+00
3.294877865330240851e+00
3.294652943882720564e+00
3.294511846074770212e+00
3.294411440880125941e+00
3.294368409195443270e+00
3.294440105846272004e+00
3.294683927779699317e+00
3.295112264394679968e+00
3.295661905465398611e+00
3.296191695934660437e+00
3.296512097099987937e+00
3.296438657460995181e+00
3.295852235655745588e+00
3.294745375200451409e+00
3.293237865907863604e+00
3.291554228929795212e+00
3.289968487384813400e+00
3.288732830077613745e+00
3.288012637446233732e+00
3.287848574485010555e+00
3.288157502448310510e+00
3.288770892046307459e+00
3.289496872781320302e+00
3.290184500305965987e+00
3.290768872624501462e+00
3.291283138843783096e+00
3.291835300144260845e+00
3.292559613093657855e+00
3.293560246264395808e+00
3.294866263808756912e+00
3.296412133725622695e+00
3.298049045628991927e+00
3.299582682733977368e+00
3.300825763191396867e+00
3.301650423247205257e+00
3.302026545508189415e+00
3.302036363684300646e+00
3.301861467057150001e+00
3.301744196377723650e+00
3.301930430031805752e+00
3.302604516203635487e+00
3.303829474606540639e+00
3.305506321515200074e+00
3.307364935819545604e+00
3.308994641439181539e+00
3.309915358189233103e+00
3.309680432176833609e+00
3.307992037282364794e+00
3.304802361618330409e+00
3.300371922009732284e+00
3.295262513307794183e+00
3.290256446359010045e+00
3.286212926122663358e+00
3.283891332378338301e+00
3.283783623354723513e+00
3.285999280424770408e+00
3.290234659674502904e+00
3.295837019346228303e+00
3.301948091615317882e+00
3.307690604418719094e+00
3.312350219042401900e+00
3.315508101289187159e+00
3.317094537631537943e+00
3.317356557762831226e+00
3.316755390604159359e+00
3.315826170659272432e+00
3.315038523054402386e+00
3.314691887106957058e+00
3.314866359458618295e+00
3.315433160666007240e+00
3.316113619432192738e+00
3.316565696726433643e+00
3.316474256647335306e+00
3.315624933784202533e+00
3.313949192182815917e+00
3.311536925570438328e+00
3.308619997855031247e+00
3.305533982070882892e+00
3.302666090548616484e+00
3.300396220010396675e+00
3.299036953880754020e+00
3.298778575966254678e+00
3.299646754239716095e+00
3.301482299812672050e+00
3.303952243162292302e+00
3.306597605355395153e+00
3.308915266735656946e+00
3.310460871541385242e+00
3.310950188554435680e+00
3.310331879343978656e+00
3.308808280228134002e+00
3.306793043785043462e+00
3.304812436581129553e+00
3.303375138847925108e+00
3.302847051375693788e+00
3.303368021640219254e+00
3.304835447906635082e+00
3.306958854546038218e+00
3.309366746565445272e+00
3.311730349278876329e+00
3.313864160921873303e+00
3.315772142081227170e+00
3.317627413005217019e+00
3.319695543760698975e+00
3.322229136150919970e+00
3.325368799226397609e+00
3.329081234720077997e+00
3.333151576644252767e+00
3.337229700684948508e+00
3.340914745734901103e+00
3.343852841730756253e+00
3.345821681861232744e+00
3.346781254457056320e+00
3.346880242400538386e+00
3.346419207349447422e+00
3.345781859186456764e+00
3.345352330475691804e+00
3.345438197033676175e+00
3.346215814283432621e+00
3.347707342610721337e+00
3.349789702017119453e+00
3.352227417240497775e+00
3.354716532863674772e+00
3.356926960981160946e+00
3.358535332558242548e+00
3.359247339569359170e+00
3.358814399822652064e+00
3.357051482823735888e+00
3.353860183327070921e+00
3.349255054949540789e+00
3.343384977859054530e+00
3.336538308352255733e+00
3.329122693751846107e+00
3.321617295520021163e+00
3.314504120229167405e+00
3.308192635197372944e+00
3.302954948099659394e+00
3.298886553982203207e+00
3.295901122155462826e+00
3.293759508802093894e+00
3.292125769120669787e+00
3.290638116877148800e+00
3.288980968049881604e+00
3.286944915872778150e+00
3.284464004101318668e+00
3.281623572536218170e+00
3.278637105700380250e+00
3.275796611335634267e+00
3.273407115990104810e+00
3.271720195839900480e+00
3.270882222249843707e+00
3.270909184874716935e+00
3.271692207470065838e+00
3.273028612641735613e+00
3.274666008540954909e+00
3.276344281634410383e+00
3.277823646197571161e+00
3.278894602747295828e+00
3.279374409171879723e+00
3.279100592772877132e+00
3.277932516555228215e+00
3.275766918471096911e+00
3.272565073695547166e+00
3.268381638461579808e+00
3.263381858343564534e+00
3.257836300634922466e+00
3.252089640242600499e+00
3.246509228454595331e+00
3.241426443827469583e+00
3.237086346693016203e+00
3.233618185534338885e+00
3.231032310130228513e+00
3.229240927938392680e+00
3.228093893945104487e+00
3.227418242832543527e+00
3.227051649464935945e+00
3.226864121748937997e+00
3.226766938446681277e+00
3.226711314272152631e+00
3.226680602006170684e+00
3.226679249188558085e+00
3.226720253869975519e+00
3.226811744513732094e+00
3.226943342931341441e+00
3.227074146866270254e+00
3.227125697919641656e+00
3.226984003803838874e+00
3.226513596811323215e+00
3.225583519170189817e+00
3.224100805353276034e+00
3.222043051092634336e+00
3.219479801690658949e+00
3.216573997495749015e+00
3.213559655521101011e+00
3.210699045601247192e+00
3.208229513695626700e+00
3.206314271973321528e+00
3.205011135521497412e+00
3.204268090298701299e+00
3.203946236393861113e+00
3.203861887251761242e+00
3.203833563172282073e+00
3.203718580680095851e+00
3.203428415063398482e+00
3.202920448538355114e+00
3.202172998450228292e+00
3.201157105088543897e+00
3.199819822742659969e+00
3.198089051466709520e+00
3.195900930938258444e+00
3.193240906770816512e+00
3.190182674343649882e+00
3.186908175298276635e+00
3.183697332382450007e+00
3.180886375045178127e+00
3.178804659653025944e+00
3.177707613002496601e+00
3.177724851091173086e+00
3.178837133889639066e+00
3.180885806499968105e+00
3.183607777451549659e+00
3.186682094811882582e+00
3.189773396128221528e+00
3.192562806631527028e+00
3.194765452388710791e+00
3.196141418644929733e+00
3.196509967086190063e+00
3.195773588645030472e+00
3.193950459017453003e+00
3.191204943496290802e+00
3.187860523917449562e+00
3.184381039710828531e+00
3.181314642718232832e+00
3.179207369718185294e+00
3.178504776792870246e+00
3.179465877582613231e+00
3.182111199023212933e+00
3.186217021423868978e+00
3.191354677034148768e+00
3.196962226120930062e+00
3.202429953204799951e+00
3.207182228028213178e+00
3.210744547319734465e+00
3.212792193124469176e+00
3.213182062520150151e+00
3.211969853809504283e+00
3.209411685765553468e+00
3.205945334161551585e+00
3.202145108003554785e+00
3.198648108711771521e+00
3.196057767936374194e+00
3.194840139784940636e+00
3.195235190408095338e+00
3.197205752626401498e+00
3.200439731498670781e+00
3.204408356740050312e+00
3.208468834319791796e+00
3.211988320603591962e+00
3.214461203354290308e+00
3.215594326588730123e+00
3.215343648852694081e+00
3.213897839990724759e+00
3.211616119178499318e+00
3.208936607510411321e+00
3.206276274387418024e+00
3.203943985714996501e+00
3.202084646233978926e+00
3.200665659996002610e+00
3.199507824875262418e+00
3.198352702148255400e+00
3.196949476482774166e+00
3.195138774423704753e+00
3.192910936236752928e+00
3.190422604002252527e+00
3.187966926425947811e+00
3.185905944258729861e+00
3.184584580696693923e+00
3.184250470929104626e+00
3.185001020592847620e+00
3.186769705169004929e+00
3.189351128995088214e+00
3.192453124952810306e+00
3.195757858208564173e+00
3.198974171922816190e+00
3.201869518726066843e+00
3.204279038074510311e+00
3.206098090290856018e+00
3.207269696821344329e+00
3.207778187289976213e+00
3.207655227116107177e+00
3.206996461024077316e+00
3.205979539950681634e+00
3.204870532418718554e+00
3.204007584343573800e+00
3.203757928249311604e+00
3.204454424868496520e+00
3.206326809764706187e+00
3.209446943462742841e+00
3.213704664482393891e+00
3.218822116500473562e+00
3.224402955329317866e+00
3.230003011797216494e+00
3.235204323764053314e+00
3.239676136949706020e+00
3.243212986536982534e+00
3.245748010020363061e+00
3.247345825012367460e+00
3.248181735995401720e+00
3.248512961040865843e+00
3.248644903190013089e+00
3.248893535503872609e+00
3.249545120643364093e+00
3.250816581892524759e+00
3.252822418510004088e+00
3.255555273422380935e+00
3.258885924773003318e+00
3.262584634746311885e+00
3.266360661585558045e+00
3.269912090289736284e+00
3.272975519712013615e+00
3.275365346324351723e+00
3.276995256549397162e+00
3.277879163040182675e+00
3.278113863479240386e+00
3.277849791774263721e+00
3.277258289308887740e+00
3.276503330022336957e+00
3.275722825786266945e+00
3.275020539877204317e+00
3.274465807623104574e+00
3.274096264491502595e+00
3.273919483153078680e+00
3.273912476440355324e+00
3.274021839123245403e+00
3.274169651085630406e+00
3.274269367303009659e+00
3.274251498593939491e+00
3.274092616820830859e+00
3.273836206884145561e+00
3.273593289274733920e+00
3.273516089781713490e+00
3.273748155945183314e+00
3.274365419693695323e+00
3.275329810225787952e+00
3.276476188311092663e+00
3.277543677972981406e+00
3.278246794089406446e+00
3.278365901192921594e+00
3.277826926529854745e+00
3.276741256195509155e+00
3.275388709765415296e+00
3.274145419893794706e+00
3.273377494936873688e+00
3.273333500354979719e+00
3.274069610428416599e+00
3.275430546576906465e+00
3.277091130859060897e+00
3.278644005479594892e+00
3.279705406465424300e+00
3.280007106882680379e+00
3.279449357593984704e+00
3.278103841752805891e+00
3.276172034077928785e+00
3.273917332810719838e+00
3.271594929065331225e+00
3.269400415534732929e+00
3.267448426568917874e+00
3.265780155018116471e+00
3.264388146678675717e+00
3.263242128244548734e+00
3.262302291785582842e+00
3.261515093559269385e+00
3.260797466222436825e+00
3.260023588934185756e+00
3.259030050438594728e+00
3.257648967472646984e+00
3.255766341230400762e+00
3.253389448418773089e+00
3.250698230207402339e+00
3.248055967680518741e+00
3.245965111685165994e+00
3.244971882851421352e+00
3.245541863289287399e+00
3.247941119469765159e+00
3.252158326586928716e+00
3.257892015102198169e+00
3.264607235955041542e+00
3.271644719960944414e+00
3.278350564199852712e+00
3.284190717108161905e+00
3.288822759404409268e+00
3.292113890677203614e+00
3.294112036509549313e+00
3.294989946989290264e+00
3.294985983183778444e+00
3.294359857075581655e+00
3.293370410465897180e+00
3.292270949512310363e+00
3.291310517622032084e+00
3.290729137357800926e+00
3.290740644291157313e+00
3.291504969280930837e+00
3.293098538821674026e+00
3.295493896548242319e+00
3.298557026648674118e+00
3.302064826877827208e+00
3.305738685020439771e+00
3.309285907195597343e+00
3.312440132303097862e+00
3.314994287812277562e+00
3.316823230986345017e+00
3.317895953682327370e+00
3.318278045988125591e+00
3.318124397212997678e+00
3.317661307956796257e+00
3.317157798194084517e+00
3.316888447327394740e+00
3.317093673507676588e+00
3.317945993168592622e+00
3.319530580052234114e+00
3.321844658731060829e+00
3.324814025159303466e+00
3.328318859553945686e+00
3.332217860549986810e+00
3.336361333126449669e+00
3.340589855774493522e+00
3.344723075801069534e+00
3.348549467540792968e+00
3.351829430177049485e+00
3.354319691064329145e+00
3.355817961973998731e+00
3.356216644278120498e+00
3.355547356148491644e+00
3.353997488025031615e+00
3.351886868134273278e+00
3.349605051921524357e+00
3.347523550851860819e+00
3.345907475690743205e+00
3.344853594999733559e+00
3.344275256456997969e+00
3.343940727909548993e+00
3.343554710180504763e+00
3.342858676425477960e+00
3.341719177059097046e+00
3.340176716553373115e+00
3.338440295478326991e+00
3.336830151878132256e+00
3.335687806972365888e+00
3.335282626424339814e+00
3.335744336339854232e+00
3.337041282101867345e+00
3.339008146951671030e+00
3.341410072980971258e+00
3.344018572222928309e+00
3.346672243831220417e+00
3.349302677826047958e+00
3.351920000405063771e+00
3.354567888367601558e+00
3.357268836513147559e+00
3.359983130659567774e+00
3.362598702378058135e+00
3.364956475911322631e+00
3.366901797041465638e+00
3.368342206744017187e+00
3.369288804825425920e+00
3.369863650536583766e+00
3.370267122191606290e+00
3.370712923695634800e+00
3.371349887180445037e+00
3.372195179331672676e+00
3.373101289478178888e+00
3.373770004100704156e+00
3.373813277049305448e+00
3.372847436724040193e+00
3.370597387595154704e+00
3.366984022100621310e+00
3.362171744202437029e+00
3.356562639567224338e+00
3.350736735083785334e+00
3.345350626774621805e+00
3.341016413871363167e+00
3.338187228663706652e+00
3.337073943804934828e+00
3.337610515035979830e+00
3.339474631877049848e+00
3.342158306650075517e+00
3.345072291963012923e+00
3.347661041835630513e+00
3.349502911942484840e+00
3.350374032939266389e+00
3.350263173465369171e+00
3.349337043826780658e+00
3.347867944964834752e+00
3.346145093237878232e+00
3.344394537847656057e+00
3.342729057424832728e+00
3.341139671637542108e+00
3.339527413920260202e+00
3.337761934029184641e+00
3.335746197220759601e+00
3.333466175849812085e+00
3.331010677127980379e+00
3.328556778450187714e+00
3.326327093610112584e+00
3.324532939731771997e+00
3.323320520220176100e+00
3.322735359814988243e+00
3.322714647008876199e+00
3.323109637854246401e+00
3.323732551189339635e+00
3.324415848106365701e+00
3.325067695368874254e+00
3.325706970662986262e+00
3.326465262106985232e+00
3.327551856341032011e+00
3.329189004574010458e+00
3.331535470631047158e+00
3.334622436784963728e+00
3.338324139200901541e+00
3.342375591250169364e+00
3.346434252159123268e+00
3.350166956143642238e+00
3.353333827623745655e+00
3.355841272944615650e+00
3.357746647910949900e+00
3.359214028055087731e+00
3.360437359804451685e+00
3.361557971367583608e+00
3.362604375977432891e+00
3.363473744701512835e+00
3.363960032796470934e+00
3.363818885951766813e+00
3.362849017760083825e+00
3.360966453565602752e+00
3.358251840742857208e+00
3.354959682529794929e+00
3.351488616995641046e+00
3.348320753663488247e+00
3.345943703501626842e+00
3.344770712169849336e+00
3.345072726652090100e+00
3.346932423566518988e+00
3.350225539116245432e+00
3.354630459649329044e+00
3.359663745184587658e+00
3.364737264144393336e+00
3.369231494216717415e+00
3.372578466306900946e+00
3.374346043374520487e+00
3.374312632995945194e+00
3.372518955643826644e+00
3.369282936461401867e+00
3.365167092458436038e+00
3.360895895350260343e+00
3.357232509356957717e+00
3.354836900001711530e+00
3.354136155482958070e+00
3.355238914893260649e+00
3.357917244149192015e+00
3.361662694951854213e+00
3.365803362511024410e+00
3.369651893799544773e+00
3.372646252669130096e+00
3.374448415298623605e+00
3.374979889695682633e+00
3.374392342456756122e+00
3.372990205779813788e+00
3.371134002695570508e+00
3.369154903990452699e+00
3.367302909124841204e+00
3.365736486219725876e+00
3.364545877405114016e+00
3.363790953726548683e+00
3.363531117492683187e+00
3.363830085692642413e+00
3.364730253631014634e+00
3.366205371265264645e+00
3.368111403375588786e+00
3.370159590641899516e+00
3.371931096260259775e+00
3.372940352238869011e+00
3.372738060357614476e+00
3.371029954071179446e+00
3.367778889397862407e+00
3.363258781280848542e+00
3.358039606979189351e+00
3.352900344320389525e+00
3.348686209590186369e+00
3.346142112278011727e+00
3.345761193374913400e+00
3.347683644525531577e+00
3.351667989566240013e+00
3.357138746544822805e+00
3.363296375731832377e+00
3.369262675727006329e+00
3.374230218774976642e+00
3.377588027910307211e+00
3.379004954724057708e+00
3.378463301418217934e+00
3.376244664742117152e+00
3.372875876735670353e+00
3.369045380745756102e+00
3.365500945268590893e+00
3.362940093434169775e+00
3.361905954693372944e+00
3.362702933210786060e+00
3.365346969790193210e+00
3.369562360493957964e+00
3.374830118415502511e+00
3.380482474356300227e+00
3.385826819951549105e+00
3.390273723647234672e+00
3.393440848703730417e+00
3.395209356530580536e+00
3.395720985065206587e+00
3.395319369112551389e+00
3.394453742661467377e+00
3.393572362618983984e+00
3.393033861966872955e+00
3.393057059176027845e+00
3.393716220805990780e+00
3.394974113516059600e+00
3.396734420069655425e+00
3.398891702830495909e+00
3.401361707839775761e+00
3.404085048283313597e+00
3.407008877058284035e+00
3.410059591718035854e+00
3.413122054628914270e+00
3.416036978565487825e+00
3.418620152475727814e+00
3.420698468439876017e+00
3.422151448199163948e+00
3.422944974596294987e+00
3.423146275677287687e+00
3.422914591044403210e+00
3.422468508732344539e+00
3.422036989669727358e+00
3.421805390439656591e+00
3.421869625426310346e+00
3.422210575045502967e+00
3.422696860496300619e+00
3.423117597641392340e+00
3.423238909592241974e+00
3.422870782973900461e+00
3.421926586188280606e+00
3.420458033068361825e+00
3.418654050274270606e+00
3.416801613117192549e+00
3.415217379217626803e+00
3.414167518963377113e+00
3.413796784878553758e+00
3.414085455063974095e+00
3.414845177725519765e+00
3.415754383413930118e+00
3.416423953991266860e+00
3.416476997526082027e+00
3.415624428133764656e+00
3.413720604958391469e+00
3.410789221395243320e+00
3.407016880578338291e+00
3.402718269785345306e+00
3.398281130560006691e+00
3.394100899692915618e+00
3.390514522438300204e+00
3.387741615537839479e+00
3.385839912499562843e+00
3.384681160646877629e+00
3.383952924709151322e+00
3.383190075786916662e+00
3.381836166952820744e+00
3.379329266180385538e+00
3.375200179864665362e+00
3.369165425434992311e+00
3.361195140407460258e+00
3.351538936347665754e+00
3.340700534131317401e+00
3.329363081138927427e+00
3.318278331333946340e+00
3.308141162536489155e+00
3.299473963490573425e+00
3.292542679000413308e+00
3.287318908496646763e+00
3.283492696770061503e+00
3.280531054472072494e+00
3.277769764786440110e+00
3.274521690494224924e+00
3.270183720315766873e+00
3.264326245277826555e+00
3.256752963349251129e+00
3.247524140134606885e+00
3.236942406057801147e+00
3.225505837410502785e+00
3.213837499094498895e+00
3.202603058876413389e+00
3.192428237469519203e+00
3.183826106561435942e+00
3.177141494316176207e+00
3.172517048275508955e+00
3.169883512393803393e+00
3.168975457558951714e+00
3.169372346193627177e+00
3.170562468610335305e+00
3.172023462100223679e+00
3.173308299722516157e+00
3.174121378645853309e+00
3.174367795333483233e+00
3.174161864324115623e+00
3.173788880907750798e+00
3.173625603114436089e+00
3.174036768847057655e+00
3.175273241960296478e+00
3.177398836377601121e+00
3.180266251165932978e+00
3.183549317439368309e+00
3.186822774045354745e+00
3.189667088333075551e+00
3.191768880757140270e+00
3.192989580565865015e+00
3.193385299129338328e+00
3.193176052293042577e+00
3.192677365530803169e+00
3.192217180056356796e+00
3.192062960871619115e+00
3.192377907362521139e+00
3.193213783342295997e+00
3.194535339766891191e+00
3.196261882339114901e+00
3.198308098381137832e+00
3.200609363646090610e+00
3.203124656357935418e+00
3.205819668076757445e+00
3.208640238932076727e+00
3.211489382769695755e+00
3.214219207608554729e+00
3.216643124816288335e+00
3.218566267666135072e+00
3.219825660510379883e+00
3.220328354026189110e+00
3.220076166196591760e+00
3.219169262997800818e+00
3.217786187745109494e+00
3.216143571252306543e+00
3.214443479814623306e+00
3.212819587912459696e+00
3.211294847291030319e+00
3.209762809112519655e+00
3.208001801090075489e+00
3.205725350324068135e+00
3.202663744306008198e+00
3.198661786095000181e+00
3.193769316655441504e+00
3.188297380459491848e+00
3.182816850194315705e+00
3.178088627280001965e+00
3.174932810018695761e+00
3.174063216499622087e+00
3.175926877457568853e+00
3.180590340236925773e+00
3.187704145549593804e+00
3.196556464122572994e+00
3.206203061525028986e+00
3.215641161856066965e+00
3.223985357540618768e+00
3.230606570518554044e+00
3.235208026116720870e+00
3.237830089096245700e+00
3.238792794899937544e+00
3.238596658198762857e+00
3.237807156089696381e+00
3.236946889082015666e+00
3.236413850585554197e+00
3.236436585786385045e+00
3.237068781030504994e+00
3.238217942564589169e+00
3.239696217880047691e+00
3.241277351031961462e+00
3.242743665906120842e+00
3.243911644367309055e+00
3.244633405696704109e+00
3.244781608016026109e+00
3.244233087851455366e+00
3.242868229828599347e+00
3.240596906796578303e+00
3.237409347763231970e+00
3.233436064344487715e+00
3.228991073960990832e+00
3.224572146954467922e+00
3.220802339285798954e+00
3.218315865891461236e+00
3.217611992050727121e+00
3.218915422757575140e+00
3.222084810721951076e+00
3.226600761056416022e+00
3.231644111462897762e+00
3.236250827220504611e+00
3.239509076876307958e+00
3.240752823875249877e+00
3.239707126482755495e+00
3.236552203075616863e+00
3.231892411360412609e+00
3.226637625887993632e+00
3.221823282223437168e+00
3.218407869113549147e+00
3.217090648494075555e+00
3.218187239307314318e+00
3.221587476975789954e+00
3.226801396934906752e+00
3.233079408066523719e+00
3.239576445037227082e+00
3.245521241739900642e+00
3.250353088066304075e+00
3.253799020821475541e+00
3.255881143193316785e+00
3.256861715196258000e+00
3.257147733971573089e+00
3.257183364156257976e+00
3.257356779011210790e+00
3.257939379484220410e+00
3.259063451935335642e+00
3.260733075905448697e+00
3.262855631190225481e+00
3.265279023046257834e+00
3.267822360728827924e+00
3.270293555310854305e+00
3.272493879467482270e+00
3.274214930604685936e+00
3.275236361161532272e+00
3.275332719691743666e+00
3.274294991239151909e+00
3.271967601040187468e+00
3.268295757392627898e+00
3.263372393752244971e+00
3.257470247802066954e+00
3.251044424918992704e+00
3.244695235142338596e+00
3.239090045344290569e+00
3.234854559761635162e+00
3.232455026483737281e+00
3.232099457112599161e+00
3.233684964799667938e+00
3.236808910447772192e+00
3.240845731461446722e+00
3.245073610253977225e+00
3.248821019149704448e+00
3.251597210287020534e+00
3.253174884318994486e+00
3.253606305564498591e+00
3.253172042567404887e+00
3.252279016206198303e+00
3.251336789457525800e+00
3.250645030880330300e+00
3.250320316337126147e+00
3.250278724906138894e+00
3.250275456033943744e+00
3.249987967353016316e+00
3.249118554535772585e+00
3.247488347412448739e+00
3.245098162216506932e+00
3.242141412692010061e+00
3.238967557119508012e+00
3.236007588492734399e+00
3.233682211751417235e+00
3.232316204758035383e+00
3.232078694803240726e+00
3.232960491988858376e+00
3.234789368791636921e+00
3.237275509814497187e+00
3.240074367197234739e+00
3.242853162691341939e+00
3.245349106517670279e+00
3.247410371682985630e+00
3.249013845675073231e+00
3.250256646742601507e+00
3.251322081511878181e+00
3.252425702903913418e+00
3.253752851334664076e+00
3.255403594607627404e+00
3.257361729242003179e+00
3.259499633523726736e+00
3.261620551410790547e+00
3.263527208296761462e+00
3.265095153916544923e+00
3.266325432655404981e+00
3.267356448705704519e+00
3.268428088777202589e+00
3.269807833528130647e+00
3.271702591326731024e+00
3.274185934620394978e+00
3.277165859218394761e+00
3.280404621807285981e+00
3.283584521356155861e+00
3.286398040031248247e+00
3.288632979065014617e+00
3.290225636490545114e+00
3.291266491949908168e+00
3.291959002540741697e+00
3.292547271177212131e+00
3.293237480691239227e+00
3.294138394301599160e+00
3.295238302527469632e+00
3.296422680117507387e+00
3.297523133138572593e+00
3.298378471589805461e+00
3.298885879842511581e+00
3.299024736002867719e+00
3.298845818265759178e+00
3.298430924618968696e+00
3.297838310456247868e+00
3.297054539276444540e+00
3.295971753514756131e+00
3.294401522207038635e+00
3.292124736775648319e+00
3.288965103177032834e+00
3.284865313309947243e+00
3.279942656880615370e+00
3.274505506299230984e+00
3.269022491500980454e+00
3.264049224452199915e+00
3.260129231978714959e+00
3.257692786394412732e+00
3.256977573057493469e+00
3.257988746233018151e+00
3.260505117134940622e+00
3.264126483241274190e+00
3.268347982127656426e+00
3.272643210566720917e+00
3.276539177437448380e+00
3.279671574621685348e+00
3.281815823864273618e+00
3.282895311125900051e+00
3.282971527408790724e+00
3.282221316466420014e+00
3.280905167725022942e+00
3.279329111017299070e+00
3.277802546364917191e+00
3.276595578581904089e+00
3.275901351493683666e+00
3.275810096176264175e+00
3.276300860812204174e+00
3.277253738265423877e+00
3.278480537165603614e+00
3.279766842420860584e+00
3.280915134352267337e+00
3.281778420934409635e+00
3.282276927882672890e+00
3.282395790684934145e+00
3.282167523080833593e+00
3.281647252000786885e+00
3.280889883413559360e+00
3.279936237817450362e+00
3.278810763953359686e+00
3.277528546440902968e+00
3.276105912743906945e+00
3.274568289033996216e+00
3.272951154501166915e+00
3.271293913415354027e+00
3.269630436522144024e+00
3.267982144181063031e+00
3.266358805487100891e+00
3.264768886190971831e+00
3.263236592251199664e+00
3.261818642677918323e+00
3.260612058077005937e+00
3.259745845679971055e+00
3.259354168560036236e+00
3.259535020852709852e+00
3.260304502306998309e+00
3.261560386285722313e+00
3.263068366498729223e+00
3.264479853867240156e+00
3.265382451933311003e+00
3.265375270292523613e+00
3.264153529062006065e+00
3.261582743882492252e+00
3.257743571727639065e+00
3.252934238002711975e+00
3.247627040435655754e+00
3.242386323763069900e+00
3.237764688157025894e+00
3.234199553721603060e+00
3.231932167683712276e+00
3.230965809544892320e+00
3.231070836897576459e+00
3.231833754079744825e+00
3.232738291688064258e+00
3.233260630546356929e+00
3.232959438290475607e+00
3.231544199805836293e+00
3.228911329705483890e+00
3.225145084765681069e+00
3.220487537885839746e+00
3.215287288909278729e+00
3.209939192625559823e+00
3.204826936713510044e+00
3.200277312668782681e+00
3.196530603248644908e+00
3.193727057899698352e+00
3.191906206538067892e+00
3.191014506752962721e+00
3.190917512517848831e+00
3.191414672917503914e+00
3.192256908591422526e+00
3.193168233801263689e+00
3.193872337146115736e+00
3.194123323711855367e+00
3.193737461620569373e+00
3.192620744890203088e+00
3.190786246475775467e+00
3.188356043271003415e+00
3.185544882600563454e+00
3.182626226215774068e+00
3.179885113002973274e+00
3.177565646165704027e+00
3.175823141596612498e+00
3.174691509196667205e+00
3.174074868237705349e+00
3.173768545162525712e+00
3.173508701056488857e+00
3.173042741022882307e+00
3.172205934001365080e+00
3.170985385689931491e+00
3.169552643393904745e+00
3.168251840913060668e+00
3.167540828097264338e+00
3.167895686473473749e+00
3.169700550814634088e+00
3.173150752784950512e+00
3.178195398876254796e+00
3.184535586304008348e+00
3.191679354773510280e+00
3.199038906296781892e+00
3.206044571475289207e+00
3.212246842778422540e+00
3.217383132617696262e+00
3.221397467587964414e+00
3.224414944899282709e+00
3.226684050397327752e+00
3.228505783079729685e+00
3.230168072937801504e+00
3.231898518017027211e+00
3.233840664274620469e+00
3.236051772094531209e+00
3.238515320873822212e+00
3.241160157164220568e+00
3.243879705628300414e+00
3.246547761315063951e+00
3.249030593200915806e+00
3.251197230742836286e+00
3.252930272920579124e+00
3.254138409625072725e+00
3.254769720742393346e+00
3.254822738623548428e+00
3.254351289493596866e+00
3.253459965952039123e+00
3.252289689221091074e+00
3.250996294105414020e+00
3.249727901578727707e+00
3.248607549219685087e+00
3.247725441544229597e+00
3.247140888572556339e+00
3.246889382127765344e+00
3.246987648240825752e+00
3.247430570106955905e+00
3.248178612117666564e+00
3.249140903798869662e+00
3.250164367177483804e+00
3.251040275352898856e+00
3.251535120896371200e+00
3.251443772431582779e+00
3.250652859428155850e+00
3.249195258326984526e+00
3.247275713846228928e+00
3.245254027482033621e+00
3.243584161304962077e+00
3.242721196889158719e+00
3.243018805116258285e+00
3.244644098575353741e+00
3.247532997127822618e+00
3.251398675384989279e+00
3.255791535865552255e+00
3.260195698645413476e+00
3.264138044305810560e+00
3.267283650599523970e+00
3.269496140208717261e+00
3.270851136420395822e+00
3.271602630847464610e+00
3.272112418533212441e+00
3.272759552318864174e+00
3.273849137671172027e+00
3.275538216038537342e+00
3.277792242878715623e+00
3.280380075796531791e+00
3.282909286797930815e+00
3.284897298938498800e+00
3.285867479021049142e+00
3.285453475452805971e+00
3.283491090422610892e+00
3.280076618584160109e+00
3.275575339199762848e+00
3.270573834214444808e+00
3.265783139796705203e+00
3.261912743026619932e+00
3.259543786539143007e+00
3.259030297926978736e+00
3.260449175492877938e+00
3.263605557384832156e+00
3.268084972401863908e+00
3.273332692663277754e+00
3.278737622544264152e+00
3.283703237203609682e+00
3.287698496519626090e+00
3.290292236768097567e+00
3.291180446444572194e+00
3.290214620573260973e+00
3.287432082455211457e+00
3.283079757026262424e+00
3.277616502641481855e+00
3.271679663548940464e+00
3.266009856738051553e+00
3.261341490034767254e+00
3.258279986004094742e+00
3.257194670857608276e+00
3.258155209661261154e+00
3.260929132711114953e+00
3.265041645885980337e+00
3.269881941977722306e+00
3.274828120968246825e+00
3.279359222809708818e+00
3.283128446107600240e+00
3.285984112285381009e+00
3.287940177642190598e+00
3.289111532252395609e+00
3.289637376470745611e+00
3.289616904524614416e+00
3.289075683339877987e+00
3.287970549632366790e+00
3.286228664845851188e+00
3.283805915627612926e+00
3.280743934851231725e+00
3.277205252110062528e+00
3.273472450379592225e+00
3.269908005982403498e+00
3.266883691607382012e+00
3.264698431413727953e+00
3.263508164440153347e+00
3.263288881888994464e+00
3.263844919460852534e+00
3.264861308594311229e+00
3.265985532604939401e+00
3.266914733473628818e+00
3.267462518087292711e+00
3.267585980184636529e+00
3.267366546929747706e+00
3.266953571219020080e+00
3.266491988601184726e+00
3.266060416922049292e+00
3.265641860393238893e+00
3.265137077912814156e+00
3.264415006825293730e+00
3.263381087906485956e+00
3.262037835629164384e+00
3.260514817572101709e+00
3.259056144008172673e+00
3.257968469208270879e+00
3.257545927525954177e+00
3.257995722548087780e+00
3.259387060980386774e+00
3.261637646652648659e+00
3.264539398863441022e+00
3.267812905215456087e+00
3.271172302181470926e+00
3.274380955178641361e+00
3.277283351500920983e+00
3.279807876167260439e+00
3.281945300066187787e+00
3.283715495836228460e+00
3.285137699771648823e+00
3.286216815232559263e+00
3.286950935383214922e+00
3.287356099892468464e+00
3.287496611466753649e+00
3.287505896086512447e+00
3.287585284186157697e+00
3.287975552711020821e+00
3.288906034507173892e+00
3.290534989969009949e+00
3.292899460173686510e+00
3.295891229151809654e+00
3.299268262905580507e+00
3.302700527028326061e+00
3.305838939517016684e+00
3.308389663096471089e+00
3.310174859302587702e+00
3.311165365792512194e+00
3.311478768876468859e+00
3.311345373279367177e+00
3.311052049858231872e+00
3.310878147693454565e+00
3.311038039137858213e+00
3.311641924908944379e+00
3.312681425076081432e+00
3.314040618721492581e+00
3.315527875022559190e+00
3.316920058260997894e+00
3.318009104394273212e+00
3.318641691333643173e+00
3.318745370733716893e+00
3.318338243762866568e+00
3.317522941982958162e+00
3.316468305363790670e+00
3.315383181943365454e+00
3.314486339545446469e+00
3.313975332684959252e+00
3.313996321543351442e+00
3.314617043068222912e+00
3.315806418764748909e+00
3.317425833132671364e+00
3.319237573348756687e+00
3.320934050219792599e+00
3.322186855550121276e+00
3.322708409385973116e+00
3.322313074347585271e+00
3.320961778585942881e+00
3.318776327289068018e+00
3.316016911541038947e+00
3.313026919992894559e+00
3.310159449741686633e+00
3.307705975733497894e+00
3.305846823659381428e+00
3.304635268364925604e+00
3.304014914391018021e+00
3.303858087113516806e+00
3.304006020528613696e+00
3.304292668376534348e+00
3.304542919647721622e+00
3.304549569566793910e+00
3.304046151579430823e+00
3.302699092067821862e+00
3.300139043953060902e+00
3.296037721872091986e+00
3.290217110531287847e+00
3.282759477869705567e+00
3.274076778332292381e+00
3.264902217914363636e+00
3.256185892912465185e+00
3.248905907340104982e+00
3.243837045599772484e+00
3.241340008300589215e+00
3.241236625355539136e+00
3.242817245904491941e+00
3.244990051669970121e+00
3.246539320915461158e+00
3.246424749681789290e+00
3.244039015239949197e+00
3.239351600458277414e+00
3.232900435364289837e+00
3.225638180601838823e+00
3.218681983320000661e+00
3.213040702919449654e+00
3.209394616582619264e+00
3.207980776745751328e+00
3.208601452175529722e+00
3.210736260084579463e+00
3.213712467631998582e+00
3.216879209985932686e+00
3.219739995319780057e+00
3.222018118502340212e+00
3.223653070489423733e+00
3.224745039728493801e+00
3.225474662998321751e+00
3.226025660339304046e+00
3.226531183476189391e+00
3.227054165230721861e+00
3.227600968861699560e+00
3.228158519463809384e+00
3.228739259973862463e+00
3.229416569942327619e+00
3.230336167576834061e+00
3.231696236214953721e+00
3.233699146567819760e+00
3.236487928159654359e+00
3.240087577835200960e+00
3.244371918197512805e+00
3.249070037470938477e+00
3.253814123011928849e+00
3.258216896010754038e+00
3.261956859378305928e+00
3.264846960136786436e+00
3.266867975864372386e+00
3.268159649971912106e+00
3.268975779324645892e+00
3.269619276852979706e+00
3.270376566816584507e+00
3.271467215847891463e+00
3.273016799152662859e+00
3.275052355203428966e+00
3.277513755938334938e+00
3.280272588393750688e+00
3.283152271158259694e+00
3.285947121646744851e+00
3.288441546051940279e+00
3.290431769063238754e+00
3.291751225841765383e+00
3.292297829793773278e+00
3.292058363202534643e+00
3.291123633394912318e+00
3.289688536728494483e+00
3.288033702717045426e+00
3.286489260454918515e+00
3.285385497378351172e+00
3.284998757536280234e+00
3.285502963457699099e+00
3.286936974275639578e+00
3.289195322858853743e+00
3.292045009096749908e+00
3.295165002953525324e+00
3.298199584151866759e+00
3.300813415352930491e+00
3.302736548370780234e+00
3.303791437134115050e+00
3.303900122456124411e+00
3.303075748944403145e+00
3.301406146497687821e+00
3.299037060914308039e+00
3.296159114702091220e+00
3.292997620310990303e+00
3.289800525116273189e+00
3.286819072892535942e+00
3.284278735510068437e+00
3.282343329523264241e+00
3.281080498336669926e+00
3.280439349190992004e+00
3.280249514638503339e+00
3.280245539441516200e+00
3.280113172799941523e+00
3.279547561001804556e+00
3.278309846183734777e+00
3.276269395399227680e+00
3.273423328547251376e+00
3.269891417872381467e+00
3.265890523431869585e+00
3.261696619161080335e+00
3.257603294906555647e+00
3.253883753410797830e+00
3.250760052474921391e+00
3.248380288351316203e+00
3.246802837635414551e+00
3.245987086766884744e+00
3.245791725263547978e+00
3.245983412413071978e+00
3.246259074395366540e+00
3.246283387226606809e+00
3.245739240432091499e+00
3.244384256235408159e+00
3.242102497576138997e+00
3.238939049243527712e+00
3.235107194531540387e+00
3.230963267523968785e+00
3.226951600504846862e+00
3.223529232770449671e+00
3.221085096978892004e+00
3.219869824994394225e+00
3.219949814551753331e+00
3.221193631900924448e+00
3.223291859149467253e+00
3.225804997665554730e+00
3.228229477366073130e+00
3.230069869269049043e+00
3.230905886639041658e+00
3.230444952890271004e+00
3.228554151307045927e+00
3.225268645381375254e+00
3.220776940771909569e+00
3.215386623667228605e+00
3.209477284985679635e+00
3.203449654958839155e+00
3.197680624948584516e+00
3.192492027187581183e+00
3.188136703265179062e+00
3.184799575558445284e+00
3.182606203707923687e+00
3.181628976592113744e+00
3.181883132967601835e+00
3.183310940847979609e+00
3.185760359000173736e+00
3.188970887386387343e+00
3.192580823264274947e+00
3.196165236970380796e+00
3.199303752096843922e+00
3.201665175767410165e+00
3.203086842770057618e+00
3.203624163636919597e+00
3.203551873100241476e+00
3.203311312846719439e+00
3.203413599163189129e+00
3.204321538721377483e+00
3.206339417946424408e+00
3.209537534088002797e+00
3.213728758803294561e+00
3.218500992969573815e+00
3.223296304867701689e+00
3.227518220146676775e+00
3.230644597974410281e+00
3.232324463082425048e+00
3.232441632435053780e+00
3.231134428120574054e+00
3.228768192468074449e+00
3.225865230109691950e+00
3.223004690124300353e+00
3.220711659065301102e+00
3.219358536238274837e+00
3.219100660054446283e+00
3.219861151806450383e+00
3.221367947281464694e+00
3.223232030708486739e+00
3.225044336795649169e+00
3.226463766748687512e+00
3.227272444249935202e+00
3.227385878579681400e+00
3.226821351898033985e+00
3.225642201125531461e+00
3.223903605751104795e+00
3.221624065777013435e+00
3.218796269516992936e+00
3.215435042349836348e+00
3.211644134045558374e+00
3.207673538459898221e+00
3.203938856467460905e+00
3.200984681740151050e+00
3.199392189676465215e+00
3.199651198390475848e+00
3.202032006111886986e+00
3.206496615046574572e+00
3.212680224658997830e+00
3.219954244114114683e+00
3.227557596684211383e+00
3.234761784556163811e+00
3.241024220557340296e+00
3.246087469149061988e+00
3.249998277554498660e+00
3.253044282937636034e+00
3.255630329551778779e+00
3.258132999694595355e+00
3.260776526268917674e+00
3.263564958886600031e+00
3.266287403453612903e+00
3.268591048696610102e+00
3.270097005547991209e+00
3.270522171175433090e+00
3.269769490701152748e+00
3.267959197506898228e+00
3.265391932503490136e+00
3.262455836908045637e+00
3.259507539669018961e+00
3.256765852691450469e+00
3.254253740713493492e+00
3.251809104775336579e+00
3.249162264742504469e+00
3.246054746281477055e+00
3.242357900102589507e+00
3.238147126203706705e+00
3.233700180125983703e+00
3.229413163218455729e+00
3.225657589820579041e+00
3.222626108793376520e+00
3.220223662774291284e+00
3.218050190189154058e+00
3.215492352193003445e+00
3.211904053452715235e+00
3.206821863581384768e+00
3.200144620599832290e+00
3.192213929724593946e+00
3.183762687530048208e+00
3.175742114862758481e+00
3.169078717294686598e+00
3.164436244263699738e+00
3.162055510838414740e+00
3.161717965209557057e+00
3.162837385578334715e+00
3.164643346365708432e+00
3.166394365408744527e+00
3.167555789285281254e+00
3.167896373524704767e+00
3.167489188595293381e+00
3.166634204374799477e+00
3.165740430788122506e+00
3.165209219861707890e+00
3.165348835542332928e+00
3.166330942200206167e+00
3.168181617498363245e+00
3.170790235407841884e+00
3.173921593654545070e+00
3.177227006680475530e+00
3.180262063633830127e+00
3.182525199283845918e+00
3.183527812658877743e+00
3.182893880439441769e+00
3.180470027792770438e+00
3.176413549176440476e+00
3.171222879384921978e+00
3.165685676212130151e+00
3.160741830629868243e+00
3.157285463166232375e+00
3.155952145143602117e+00
3.156947212177446005e+00
3.159964252078333313e+00
3.164221281791523843e+00
3.168612202489189400e+00
3.171941650965156345e+00
3.173190470667222041e+00
3.171751610393048093e+00
3.167582937108546215e+00
3.161241153620644173e+00
3.153784768035167385e+00
3.146558973148422922e+00
3.140897786957880466e+00
3.137796674011987363e+00
3.137620352055427109e+00
3.139913227215069824e+00
3.143370737429401984e+00
3.146006100898330438e+00
3.145508652863530319e+00
3.139742323813897951e+00
3.127286887631133716e+00
3.107895111240157160e+00
3.082739461469872211e+00
3.054359085234042315e+00
3.026286365706063020e+00
3.002415466352716944e+00
2.986248423170439370e+00
2.980193832183335445e+00
2.985084930885715693e+00
3.000029118691708518e+00
3.022616168798984315e+00
3.049423343174763712e+00
3.076688166781238909e+00
3.100990854200512903e+00
3.119801900716272502e+00
3.131796881976768532e+00
3.136903037434236374e+00
3.136102808811745746e+00
3.131064865277755516e+00
3.123697055123977329e+00
3.115718334194679251e+00
3.108332029487277381e+00
3.102056051559902272e+00
3.096731927800675965e+00
3.091698514778864926e+00
3.086082863484020500e+00
3.079135300906119976e+00
3.070523629614139605e+00
3.060506406713510597e+00
3.049928773612704092e+00
3.040023699632283360e+00
3.032050148510133880e+00
3.026847557445664805e+00
3.024421282383317866e+00
3.023684999630545711e+00
3.022465687843341797e+00
3.017823651270244767e+00
3.006662027686210603e+00
2.986514628734331378e+00
2.956331529322566265e+00
2.917052565478387205e+00
2.871785896240007130e+00
2.825492781934143327e+00
2.784202856676346816e+00
2.753913115672423473e+00
2.739419465326041525e+00
2.743360203237226180e+00
2.765703560038454967e+00
2.803798508738309270e+00
2.852962868231661453e+00
2.907448834455344411e+00
2.961542177885554405e+00
3.010538555156333729e+00
3.051396333381242609e+00
3.082967004523331056e+00
3.105817691373466527e+00
3.121752707937275773e+00
3.133191246060750501e+00
3.142560569859851327e+00
3.151827656365530750e+00
3.162234760112169862e+00
3.174245104146832031e+00
3.187658609692615830e+00
3.201831738900236868e+00
3.215930414719760044e+00
3.229155905829117934e+00
3.240903760575669423e+00
3.250838896031758907e+00
3.258890947065340438e+00
3.265189921274607165e+00
3.269971484362819591e+00
3.273483202076858500e+00
3.275918017976972685e+00
3.277390388852824632e+00
3.277956280872207806e+00
3.277664179407138612e+00
3.276614305327806065e+00
3.275000518353327283e+00
3.273115110732422117e+00
3.271309365431285698e+00
3.269918436921826377e+00
3.269172625995548476e+00
3.269123809989341378e+00
3.269613205454210636e+00
3.270295422835077126e+00
3.270717414199268536e+00
3.270434508785899475e+00
3.269134236997020437e+00
3.266735336108460785e+00
3.263434949680590780e+00
3.259689811173590801e+00
3.256133611588092780e+00
3.253448586451804125e+00
3.252220798828953541e+00
3.252813001334426524e+00
3.255285324823343096e+00
3.259383130503552106e+00
3.264595572592894346e+00
3.270271362198751586e+00
3.275764031600123971e+00
3.280571396401639195e+00
3.284435216280069181e+00
3.287377357816374523e+00
3.289665631584651084e+00
3.291721375917236347e+00
3.293996338115642075e+00
3.296853752965269280e+00
3.300485400077413978e+00
3.304883830370887843e+00
3.309871059115880865e+00
3.315167831357070494e+00
3.320476793945252858e+00
3.325551891922689851e+00
3.330234762679945337e+00
3.334453093556700942e+00
3.338190174357684725e+00
3.341443886858078915e+00
3.344194190871544237e+00
3.346391253351236550e+00
3.347965179762891985e+00
3.348847724109987656e+00
3.348990665270633826e+00
3.348366844091631656e+00
3.346947473409910501e+00
3.344660299986630392e+00
3.341343525783583956e+00
3.336716469062552370e+00
3.330387530372405980e+00
3.321912673868310684e+00
3.310904554201909988e+00
3.297176142181786673e+00
3.280886735016184552e+00
3.262646764570706015e+00
3.243535238505792950e+00
3.224993669841917043e+00
3.208584549501924510e+00
3.195638605104324181e+00
3.186856203473088289e+00
3.181962701050958575e+00
3.179531650037484170e+00
3.177072189248368428e+00
3.171423908709613659e+00
3.159421755622702221e+00
3.138705051224004450e+00
3.108476224114518960e+00
3.069993576033781757e+00
3.026624341754327041e+00
2.983386216558639337e+00
2.946042635317697389e+00
2.919949061358225517e+00
2.908931318713593228e+00
2.914482176493705001e+00
2.935483180068172437e+00
2.968517372377388774e+00
3.008678408482372113e+00
3.050652159231394656e+00
3.089786749720432990e+00
3.122890821822929652e+00
3.148594879382667688e+00
3.167242808616081096e+00
3.180407763876075489e+00
3.190212497979227901e+00
3.198659623121534512e+00
3.207143302671977558e+00
3.216238471131755094e+00
3.225773671476268145e+00
3.235115524529820874e+00
3.243545796888673838e+00
3.250603990215085837e+00
3.256296089339221211e+00
3.261121656605156183e+00
3.265930270727013696e+00
3.271667631560013056e+00
3.279098687467580930e+00
3.288594085679098278e+00
3.300039583543002308e+00
3.312885630487075073e+00
3.326310227431453104e+00
3.339436249885848973e+00
3.351533862105047223e+00
3.362151103527466045e+00
3.371145119232221266e+00
3.378621548014329790e+00
3.384818027100906956e+00
3.389980747057753430e+00
3.394277808351023662e+00
3.397773656639597739e+00
3.400463498123663442e+00
3.402344795075448403e+00
3.403491823012165352e+00
3.404101373294230459e+00
3.404490678260431391e+00
3.405046788483720110e+00
3.406143264640164592e+00
3.408049941648084946e+00
3.410862422722873877e+00
3.414470787713680622e+00
3.418574969178238998e+00
3.422741435897977968e+00
3.426485804465820628e+00
3.429360999531070320e+00
3.431031216547240525e+00
3.431317398071344726e+00
3.430208381940435203e+00
3.427840924403929623e+00
3.424459002080078029e+00
3.420366233729226213e+00
3.415884103792615534e+00
3.411323536022467628e+00
3.406970264865611497e+00
3.403078162821911334e+00
3.399861734350170028e+00
3.397480631224046643e+00
3.396014667105577090e+00
3.395435098894589832e+00
3.395583770900479248e+00
3.396173377921952952e+00
3.396818388502506281e+00
3.397097868082247007e+00
3.396641080871471541e+00
3.395217728825394854e+00
3.392810140965961896e+00
3.389646506944864690e+00
3.386182322445471904e+00
3.383029636087985459e+00
3.380847129961148223e+00
3.380214752489077323e+00
3.381521417397258755e+00
3.384891632527902150e+00
3.390167371301558763e+00
